Provincia,Mes,Anio,Temperatura,Precipitacion,Humedad,Vel_vientos,cantidad_casos
BUENOS AIRES,1,2018,23.81890322580646,78.8259999999997,59.14645161290323,14.287096774193548,0
BUENOS AIRES,1,2019,22.901084010840073,131.55339933993258,69.9559620596206,14.79009900990099,0
BUENOS AIRES,1,2020,22.715584415584406,79.47140077821061,62.08441558441559,15.17780661907852,103
BUENOS AIRES,2,2018,23.143357142857163,49.37200000000017,62.20214285714286,13.391428571428571,9
BUENOS AIRES,2,2019,21.580357142857146,60.70000000000081,66.13714285714286,12.844285714285714,7
BUENOS AIRES,2,2020,21.921122807017525,87.72463157894722,66.45926966292134,14.7436797752809,426
BUENOS AIRES,3,2018,19.504000000000005,69.0819999999995,64.18516129032258,13.586451612903225,70
BUENOS AIRES,3,2019,18.507165913492578,99.1887023886372,74.4744996772111,13.20593931568754,30
BUENOS AIRES,3,2020,21.853557312252963,155.04163372858878,73.15546772068511,13.345191040843215,2377
BUENOS AIRES,4,2018,18.62134756504336,141.7358238825878,78.76917945296864,12.490993995997332,59
BUENOS AIRES,4,2019,16.302599999999988,44.530000000000584,73.96933333333334,11.3,12
BUENOS AIRES,4,2020,15.744111640571852,107.76671204901211,76.16337644656228,13.279101429543907,1319
BUENOS AIRES,5,2018,13.4490322580645,117.73199999999893,83.01225806451613,11.156774193548387,15
BUENOS AIRES,5,2019,12.481999999999985,54.3819999999999,79.0516129032258,12.05483870967742,3
BUENOS AIRES,5,2020,12.536699669967005,17.883717864205295,76.06406869220608,14.17887788778878,338
BUENOS AIRES,6,2018,8.23173333333333,13.325999999999995,75.71266666666666,12.865333333333334,0
BUENOS AIRES,6,2019,11.143666666666652,102.5859999999986,81.22533333333334,13.998,0
BUENOS AIRES,6,2020,9.753101567825487,63.96939331969958,80.03410641200546,12.358554873892297,11
BUENOS AIRES,7,2018,8.098322580645162,67.10399999999922,82.15483870967742,13.823870967741936,0
BUENOS AIRES,7,2019,8.322753716871366,34.790820943761666,76.18175937904269,11.975436328377505,0
BUENOS AIRES,8,2018,9.790645161290325,38.50199999999928,74.40064516129033,15.110967741935484,0
BUENOS AIRES,8,2019,9.66731141199226,13.834558349452214,68.37201805286912,13.231463571889103,0
BUENOS AIRES,9,2018,14.295133333333341,107.376000000002,75.00133333333333,14.029333333333334,0
BUENOS AIRES,9,2019,12.372933333333345,29.706000000000103,63.532,15.346666666666666,0
BUENOS AIRES,10,2018,15.258869908015754,44.20407358738448,69.67805519053877,14.205650459921156,0
BUENOS AIRES,10,2019,15.241741935483855,112.10199999999938,67.30580645161291,15.910322580645161,0
BUENOS AIRES,11,2018,18.957123381049765,139.897750511246,68.38241308793457,15.96455351056578,0
BUENOS AIRES,11,2019,20.20473333333332,55.15200000000083,62.044666666666664,15.905333333333333,0
BUENOS AIRES,12,2018,21.13490066225167,142.38524156187995,63.02317880794702,15.547981469225679,0
BUENOS AIRES,12,2019,21.68464516129033,88.65799999999909,58.16516129032258,15.627096774193548,0
CABA,1,2018,25.350806451612907,35.300000000000075,61.604838709677416,12.5,0
CABA,1,2019,24.774193548387085,145.7499999999999,70.60887096774194,11.963709677419354,2
CABA,1,2020,24.758467741935483,66.15000000000006,61.41935483870968,12.153225806451612,162
CABA,2,2018,24.606250000000028,42.15000000000005,63.611607142857146,12.486607142857142,10
CABA,2,2019,24.15669642857141,53.19999999999998,63.482142857142854,10.227678571428571,3
CABA,2,2020,24.108620689655172,59.59999999999994,64.15086206896552,11.556034482758621,911
CABA,3,2018,22.034274193548384,81.00000000000018,63.41532258064516,10.028225806451612,38
CABA,3,2019,20.99032258064514,99.35000000000036,70.3508064516129,10.830645161290322,6
CABA,3,2020,23.719758064516178,162.3000000000001,73.23790322580645,11.568548387096774,4681
CABA,4,2018,21.469999999999985,248.20000000000073,79.82083333333334,10.870833333333334,56
CABA,4,2019,19.290833333333328,42.65000000000012,71.78333333333333,10.079166666666667,12
CABA,4,2020,17.952499999999997,87.8999999999998,74.38333333333334,10.45,2816
CABA,5,2018,16.365322580645163,200.95000000000078,80.22177419354838,9.221774193548388,6
CABA,5,2019,15.87217741935483,81.39999999999964,75.84274193548387,10.701612903225806,2
CABA,5,2020,15.230241935483871,15.25000000000002,71.87096774193549,10.141129032258064,594
CABA,6,2018,10.795833333333333,9.800000000000008,73.85833333333333,8.85,1
CABA,6,2019,14.474583333333344,191.74999999999937,79.5875,9.908333333333333,1
CABA,6,2020,12.650416666666672,76.8000000000001,78.8125,9.691666666666666,8
CABA,7,2018,10.673790322580643,119.79999999999951,80.8225806451613,11.487903225806452,0
CABA,7,2019,11.476209677419355,91.75,74.29838709677419,8.887096774193548,0
CABA,8,2018,12.20967741935483,49.90000000000006,73.3991935483871,10.991935483870968,0
CABA,8,2019,12.460080645161296,52.0,66.8225806451613,10.318548387096774,0
CABA,9,2018,17.12291666666666,119.85000000000011,74.10416666666667,13.175,0
CABA,9,2019,14.999583333333343,58.949999999999925,60.2125,11.4375,0
CABA,10,2018,17.807258064516112,28.25,65.03629032258064,11.733870967741936,0
CABA,10,2019,17.62943548387097,175.70000000000013,67.37903225806451,13.298387096774194,0
CABA,11,2018,21.29958333333332,186.95000000000073,65.66666666666667,13.675,0
CABA,11,2019,22.558333333333337,98.14999999999964,64.1625,12.804166666666667,0
CABA,12,2018,22.368951612903214,299.19999999999857,66.30645161290323,12.266129032258064,0
CABA,12,2019,23.556854838709672,136.85000000000016,57.45564516129032,11.358870967741936,0
CATAMARCA,1,2018,26.739170506912416,103.85714285714286,55.93087557603687,15.31336405529954,0
CATAMARCA,1,2019,27.027188940092124,125.61428571428593,58.345622119815665,15.483870967741936,0
CATAMARCA,1,2020,28.752995391705046,88.48571428571441,51.67741935483871,15.861751152073733,0
CATAMARCA,2,2018,26.380102040816308,48.514285714285656,55.95918367346939,15.474489795918368,0
CATAMARCA,2,2019,26.217346938775474,67.62857142857155,57.255102040816325,14.76530612244898,0
CATAMARCA,2,2020,26.34679802955663,33.142857142857146,58.22660098522167,15.502463054187192,17
CATAMARCA,3,2018,24.701382488479243,6.528571428571423,44.1889400921659,14.276497695852534,0
CATAMARCA,3,2019,22.261290322580614,69.59999999999987,63.663594470046085,13.096774193548388,0
CATAMARCA,3,2020,27.210599078340984,50.2571428571428,54.15668202764977,15.912442396313365,213
CATAMARCA,4,2018,23.0238095238095,2.257142857142867,58.39523809523809,10.685714285714285,0
CATAMARCA,4,2019,20.4742857142857,72.42857142857143,67.18571428571428,11.195238095238095,0
CATAMARCA,4,2020,21.598095238095215,12.514285714285743,57.95238095238095,13.566666666666666,84
CATAMARCA,5,2018,16.582027649769554,17.342857142857106,68.35483870967742,10.11520737327189,0
CATAMARCA,5,2019,15.384331797235017,4.571428571428571,67.05069124423963,11.046082949308756,0
CATAMARCA,5,2020,15.762672811059891,0.5714285714285714,54.064516129032256,9.267281105990783,23
CATAMARCA,6,2018,10.174761904761915,0.6428571428571429,55.65714285714286,10.557142857142857,0
CATAMARCA,6,2019,11.860476190476192,0.6000000000000022,61.36190476190476,10.542857142857143,0
CATAMARCA,6,2020,12.456190476190475,1.3428571428571352,53.15714285714286,12.655502392344498,0
CATAMARCA,7,2018,9.5152073732719,3.628571428571431,57.935483870967744,10.576036866359447,0
CATAMARCA,7,2019,12.300460829493083,1.3142857142857174,56.59447004608295,11.142857142857142,0
CATAMARCA,8,2018,14.857142857142838,0.0,40.336405529953915,13.23041474654378,0
CATAMARCA,8,2019,15.284792626728098,0.0,40.285714285714285,13.981566820276498,0
CATAMARCA,9,2018,22.11952380952378,4.571428571428571,42.65714285714286,13.752380952380953,0
CATAMARCA,9,2019,18.902870813397104,7.464114832535885,38.80861244019139,15.583732057416269,0
CATAMARCA,10,2018,23.06774193548385,20.0,50.096774193548384,15.331797235023041,0
CATAMARCA,10,2019,22.905069124423946,11.785714285714286,44.46082949308756,14.40552995391705,0
CATAMARCA,11,2018,26.19047619047616,61.142857142857146,49.17142857142857,18.476190476190474,0
CATAMARCA,11,2019,27.920952380952343,16.614285714285675,47.05238095238095,19.738095238095237,0
CATAMARCA,12,2018,26.744700460829446,71.82857142857158,51.02764976958525,16.53917050691244,0
CATAMARCA,12,2019,28.0129032258064,46.89999999999993,43.566820276497694,18.410138248847925,0
CHACO,1,2018,26.453225806451623,365.0,73.4274193548387,11.758064516129032,1
CHACO,1,2019,27.141129032258068,554.8000000000013,81.36290322580645,11.330645161290322,0
CHACO,1,2020,26.787903225806463,205.09999999999962,74.85483870967742,9.661290322580646,19
CHACO,2,2018,26.570535714285715,11.5,69.375,10.241071428571429,0
CHACO,2,2019,25.682142857142853,180.0,75.02678571428571,9.758928571428571,0
CHACO,2,2020,25.743478260869573,200.0,73.05217391304348,9.269565217391305,192
CHACO,3,2018,24.295967741935474,188.59999999999974,74.65322580645162,10.403225806451612,40
CHACO,3,2019,23.271774193548392,167.2999999999996,78.11290322580645,9.75,5
CHACO,3,2020,26.49838709677421,43.10000000000004,67.00806451612904,8.459677419354838,1016
CHACO,4,2018,24.778333333333347,39.30000000000008,77.10833333333333,10.916666666666666,229
CHACO,4,2019,21.4825,222.09999999999957,85.06666666666666,7.366666666666666,10
CHACO,4,2020,20.56916666666666,79.0,69.375,9.266666666666667,1011
CHACO,5,2018,19.505645161290325,237.5,83.11290322580645,10.661290322580646,310
CHACO,5,2019,19.180645161290325,286.2999999999997,90.04838709677419,10.088709677419354,32
CHACO,5,2020,17.22822580645161,48.30000000000011,72.2741935483871,11.137096774193548,1070
CHACO,6,2018,13.709166666666667,34.199999999999925,80.99166666666666,10.291666666666666,1
CHACO,6,2019,18.224999999999987,7.0,81.85833333333333,11.791666666666666,0
CHACO,6,2020,17.649999999999988,37.09999999999997,73.63333333333334,11.983333333333333,62
CHACO,7,2018,13.349999999999993,15.0,83.18548387096774,10.959677419354838,0
CHACO,7,2019,14.57903225806452,52.0,78.29838709677419,10.71774193548387,0
CHACO,8,2018,14.071774193548382,17.09999999999996,72.09677419354838,12.10483870967742,0
CHACO,8,2019,16.332258064516132,92.0,71.04032258064517,12.443548387096774,0
CHACO,9,2018,21.521666666666672,71.5,72.86666666666666,12.208333333333334,0
CHACO,9,2019,19.339999999999996,6.600000000000014,63.725,12.05,0
CHACO,10,2018,22.323387096774194,127.0,72.54838709677419,11.387096774193548,0
CHACO,10,2019,22.303225806451618,137.20000000000033,73.48387096774194,13.28225806451613,0
CHACO,11,2018,24.481666666666666,215.09999999999962,76.575,11.6,0
CHACO,11,2019,25.62249999999999,201.0,73.9,10.275,0
CHACO,12,2018,26.14516129032259,233.0,73.21774193548387,11.016129032258064,0
CHACO,12,2019,25.41693548387097,125.0,68.91129032258064,10.693548387096774,0
CHUBUT,1,2018,19.929569892473115,3.1000000000000005,41.475806451612904,22.620967741935484,0
CHUBUT,1,2019,18.20268817204302,3.599999999999988,38.49731182795699,21.74462365591398,0
CHUBUT,1,2020,19.381671159029672,12.787061994609175,43.28108108108108,22.099730458221025,0
CHUBUT,2,2018,20.261309523809526,7.19999999999997,45.37797619047619,18.133928571428573,0
CHUBUT,2,2019,18.472916666666677,6.766666666666647,42.99404761904762,18.217261904761905,0
CHUBUT,2,2020,17.60922190201729,19.602017291066264,50.88472622478386,18.239193083573486,0
CHUBUT,3,2018,15.122849462365581,12.999999999999922,50.00268817204301,18.857526881720432,0
CHUBUT,3,2019,15.698924731182789,37.39999999999997,55.626344086021504,15.634408602150538,0
CHUBUT,3,2020,17.48494623655915,6.300000000000001,54.48924731182796,15.231182795698924,0
CHUBUT,4,2018,12.431944444444447,24.4333333333333,53.52777777777778,17.094444444444445,0
CHUBUT,4,2019,12.918055555555544,12.433333333333334,56.33888888888889,16.805555555555557,0
CHUBUT,4,2020,12.68527777777778,20.833333333333467,61.12777777777778,13.355555555555556,0
CHUBUT,5,2018,8.563978494623651,24.100000000000062,67.27688172043011,12.438172043010752,0
CHUBUT,5,2019,8.44489247311828,23.566666666666627,65.18548387096774,13.919354838709678,0
CHUBUT,5,2020,9.37795698924731,48.133333333333425,64.81451612903226,15.513440860215054,0
CHUBUT,6,2018,4.651111111111112,26.466666666666637,65.77437325905292,16.441666666666666,0
CHUBUT,6,2019,6.556111111111111,68.99999999999991,69.23055555555555,16.008333333333333,0
CHUBUT,6,2020,5.854722222222221,42.866666666666646,67.43611111111112,15.647222222222222,0
CHUBUT,7,2018,3.565591397849459,30.899999999999938,72.69021739130434,12.209677419354838,0
CHUBUT,7,2019,5.725537634408602,37.833333333333286,69.33333333333333,13.973118279569892,0
CHUBUT,8,2018,7.844623655913984,12.433333333333321,55.29838709677419,15.852150537634408,0
CHUBUT,8,2019,6.398924731182791,26.06666666666661,62.37903225806452,16.510752688172044,0
CHUBUT,9,2018,9.15000000000001,28.400000000000112,57.980555555555554,17.16111111111111,0
CHUBUT,9,2019,8.453888888888892,8.500000000000046,56.352777777777774,18.1,0
CHUBUT,10,2018,11.116129032258058,20.700000000000035,55.994623655913976,17.45967741935484,0
CHUBUT,10,2019,11.418279569892487,7.06666666666667,51.225806451612904,17.196236559139784,0
CHUBUT,11,2018,14.778333333333325,29.09999999999986,50.36388888888889,19.891666666666666,0
CHUBUT,11,2019,15.006111111111126,11.733333333333293,44.68333333333333,23.25,0
CHUBUT,12,2018,18.622043010752698,7.799999999999949,43.38978494623656,20.298387096774192,0
CHUBUT,12,2019,17.476612903225814,21.333333333333396,44.77150537634409,21.766129032258064,0
CORRIENTES,1,2018,26.28709677419355,189.7333333333326,69.3225806451613,13.75,0
CORRIENTES,1,2019,25.905913978494628,540.0333333333352,82.1236559139785,13.653225806451612,0
CORRIENTES,1,2020,26.082920110192845,146.90743801652826,70.78787878787878,13.433701657458563,23
CORRIENTES,2,2018,25.894940476190477,34.2333333333331,66.63095238095238,12.708333333333334,0
CORRIENTES,2,2019,25.009253731343286,116.76716417910495,72.57313432835821,11.97910447761194,0
CORRIENTES,2,2020,25.14797687861271,152.56069364161849,68.4393063583815,12.234104046242775,182
CORRIENTES,3,2018,23.6018817204301,200.13333333333273,70.89516129032258,13.120967741935484,1
CORRIENTES,3,2019,22.537903225806442,105.533333333333,75.44623655913979,12.196236559139784,0
CORRIENTES,3,2020,25.794134078212313,63.43016759776536,67.02234636871508,10.578212290502794,831
CORRIENTES,4,2018,24.05999999999998,109.9999999999996,77.76666666666667,11.197222222222223,3
CORRIENTES,4,2019,20.94805555555555,208.0,80.925,10.869444444444444,0
CORRIENTES,4,2020,20.196352583586624,56.21580547112473,67.40548780487805,12.644376899696049,677
CORRIENTES,5,2018,18.09408602150538,181.5333333333339,82.71236559139786,12.14516129032258,11
CORRIENTES,5,2019,18.3212365591398,211.03333333333396,87.33870967741936,12.21774193548387,0
CORRIENTES,5,2020,16.74076246334312,132.27272727272728,72.13489736070382,13.140762463343108,769
CORRIENTES,6,2018,12.46361111111111,38.333333333333584,80.73611111111111,11.91388888888889,0
CORRIENTES,6,2019,17.481944444444444,23.76666666666646,81.46388888888889,12.416666666666666,0
CORRIENTES,6,2020,16.402491103202856,58.922775800711726,76.72953736654804,15.544483985765124,84
CORRIENTES,7,2018,12.990591397849455,65.33333333333348,82.1236559139785,13.548387096774194,0
CORRIENTES,7,2019,13.631182795698914,80.20000000000012,77.43817204301075,12.126344086021506,0
CORRIENTES,8,2018,13.57849462365592,45.46666666666664,74.06720430107526,14.661290322580646,0
CORRIENTES,8,2019,15.04543010752689,53.06666666666658,72.39516129032258,15.314516129032258,0
CORRIENTES,9,2018,20.045833333333334,98.29999999999947,77.28055555555555,15.302777777777777,0
CORRIENTES,9,2019,17.665555555555553,30.733333333333636,65.05,15.313888888888888,0
CORRIENTES,10,2018,20.9747311827957,89.26666666666631,71.01612903225806,15.661290322580646,0
CORRIENTES,10,2019,21.263978494623654,164.46666666666647,73.30913978494624,16.658602150537636,0
CORRIENTES,11,2018,23.76916666666667,230.39999999999992,71.12777777777778,14.591666666666667,0
CORRIENTES,11,2019,24.350555555555577,204.99999999999835,71.43333333333334,13.794444444444444,0
CORRIENTES,12,2018,25.07311827956987,238.53333333333254,71.51075268817205,13.051075268817204,0
CORRIENTES,12,2019,24.965860215053763,109.43333333333321,64.28494623655914,12.553763440860216,0
CÓRDOBA,1,2018,23.784677419354832,86.65714285714313,63.28801843317972,10.044930875576037,0
CÓRDOBA,1,2019,23.413133640552978,195.60000000000062,76.786866359447,12.372119815668203,0
CÓRDOBA,1,2020,24.343202764976926,90.47142857142755,65.78456221198157,11.926267281105991,23
CÓRDOBA,2,2018,23.274234693877553,53.671428571427754,64.46938775510205,9.783163265306122,0
CÓRDOBA,2,2019,22.703954081632617,43.97142857142883,72.39285714285714,10.741071428571429,1
CÓRDOBA,2,2020,22.445566502463095,172.44285714285647,71.34975369458128,10.50615763546798,257
CÓRDOBA,3,2018,20.79412442396312,26.557142857142896,56.06221198156682,12.011520737327189,13
CÓRDOBA,3,2019,19.075460829493082,161.49999999999986,78.26958525345623,9.976958525345623,0
CÓRDOBA,3,2020,22.546791131855294,103.94842473745682,73.14352392065344,10.705950991831973,1856
CÓRDOBA,4,2018,20.30380952380953,61.214285714285644,75.59285714285714,10.970238095238095,4
CÓRDOBA,4,2019,17.573571428571427,74.7142857142856,75.75714285714285,9.848809523809523,1
CÓRDOBA,4,2020,17.988888888888912,35.93333333333322,67.02222222222223,11.060493827160494,1205
CÓRDOBA,5,2018,14.666205305651651,95.43241061130254,79.60322952710496,10.004613610149942,1
CÓRDOBA,5,2019,13.571658986175107,28.657142857142894,79.59562211981567,9.27995391705069,2
CÓRDOBA,5,2020,13.719952210274768,0.0,60.66188769414576,10.53763440860215,333
CÓRDOBA,6,2018,8.629166666666668,4.014285714285702,67.96785714285714,10.258333333333333,0
CÓRDOBA,6,2019,11.290119047619042,10.55714285714284,74.96071428571429,11.146428571428572,0
CÓRDOBA,6,2020,10.100987654320985,0.16296296296296298,65.2567901234568,10.192592592592593,5
CÓRDOBA,7,2018,8.00299539170506,5.071428571428593,69.29377880184332,10.894009216589861,0
CÓRDOBA,7,2019,9.775115207373267,3.0000000000000004,68.66359447004608,10.438940092165899,0
CÓRDOBA,8,2018,11.104147465437787,3.6571428571428597,51.805299539170505,14.950460829493087,0
CÓRDOBA,8,2019,11.670506912442391,0.014285714285714254,56.45046082949309,12.971198156682028,0
CÓRDOBA,9,2018,17.634523809523813,34.185714285714106,61.75,12.910714285714286,0
CÓRDOBA,9,2019,14.734285714285694,8.699999999999982,50.89047619047619,12.915476190476191,0
CÓRDOBA,10,2018,17.935023041474647,72.71428571428585,62.08179723502304,12.585253456221198,0
CÓRDOBA,10,2019,18.00184331797235,52.785714285714526,61.28801843317972,13.170506912442397,0
CÓRDOBA,11,2018,21.4527380952381,147.05714285714203,64.71190476190476,15.023809523809524,0
CÓRDOBA,11,2019,22.942261904761892,111.19999999999906,60.647619047619045,13.708333333333334,0
CÓRDOBA,12,2018,23.316935483870935,93.44285714285533,61.99193548387097,13.434331797235023,0
CÓRDOBA,12,2019,23.846889400921636,154.52857142857184,55.91129032258065,13.144009216589861,0
ENTRE RÍOS,1,2018,25.581182795698933,65.33333333333333,61.43010752688172,11.911290322580646,0
ENTRE RÍOS,1,2019,24.529912023460408,370.1818181818169,78.97067448680352,11.72140762463343,0
ENTRE RÍOS,1,2020,24.951197604790394,127.14850299401216,66.97305389221557,10.637724550898204,17
ENTRE RÍOS,2,2018,25.16845238095238,41.26666666666684,61.833333333333336,10.514880952380953,0
ENTRE RÍOS,2,2019,24.022402597402586,128.70909090909097,69.08441558441558,10.665584415584416,0
ENTRE RÍOS,2,2020,24.19496855345911,60.15094339622642,65.02201257861635,11.094637223974763,47
ENTRE RÍOS,3,2018,22.07123655913977,51.6000000000002,62.80107526881721,10.626344086021506,1
ENTRE RÍOS,3,2019,20.934017595307903,119.26363636363669,76.14369501466275,10.436950146627566,0
ENTRE RÍOS,3,2020,24.526979472140745,98.72727272727273,67.83284457478005,9.498533724340176,312
ENTRE RÍOS,4,2018,22.421944444444435,181.3666666666666,77.98333333333333,10.883333333333333,2
ENTRE RÍOS,4,2019,18.830909090909085,77.72727272727299,78.9939393939394,8.887878787878789,0
ENTRE RÍOS,4,2020,18.384242424242423,113.72727272727273,71.31515151515151,9.963636363636363,192
ENTRE RÍOS,5,2018,16.09193548387096,247.56666666666774,84.21774193548387,10.71505376344086,1
ENTRE RÍOS,5,2019,15.979472140762466,91.47272727272676,85.08504398826979,10.272727272727273,0
ENTRE RÍOS,5,2020,15.191788856304997,68.0909090909091,72.96187683284458,12.102639296187684,35
ENTRE RÍOS,6,2018,10.387499999999994,12.466666666666695,78.97222222222223,9.869444444444444,0
ENTRE RÍOS,6,2019,14.997878787878777,112.5727272727266,83.44545454545455,11.351515151515152,0
ENTRE RÍOS,6,2020,12.69181818181818,92.82727272727246,81.74848484848485,10.596969696969698,1
ENTRE RÍOS,7,2018,10.592473118279575,76.09999999999994,83.33602150537635,11.78225806451613,0
ENTRE RÍOS,7,2019,11.494134897360698,53.154545454545435,78.48387096774194,10.785923753665688,0
ENTRE RÍOS,8,2018,11.492473118279571,71.36666666666652,76.16666666666667,13.416666666666666,0
ENTRE RÍOS,8,2019,12.664809384164233,66.18181818181819,73.05278592375366,12.859237536656892,0
ENTRE RÍOS,9,2018,17.9125,88.40000000000015,78.18333333333334,13.069444444444445,0
ENTRE RÍOS,9,2019,15.389696969696969,84.70909090909086,63.73939393939394,12.284848484848485,0
ENTRE RÍOS,10,2018,18.032795698924712,81.76666666666704,69.46774193548387,12.13978494623656,0
ENTRE RÍOS,10,2019,18.65043988269793,131.06363636363693,74.66568914956012,14.64516129032258,0
ENTRE RÍOS,11,2018,21.752222222222237,202.39999999999904,67.83611111111111,14.419444444444444,0
ENTRE RÍOS,11,2019,23.13515151515151,107.12727272727297,66.72424242424242,12.824242424242424,0
ENTRE RÍOS,12,2018,23.472727272727266,210.42727272727302,67.29325513196481,12.360703812316716,0
ENTRE RÍOS,12,2019,23.748973607038103,185.2999999999996,61.470588235294116,12.099706744868035,0
FORMOSA,1,2018,27.59953917050689,221.1999999999992,74.10138248847926,9.235023041474655,4
FORMOSA,1,2019,29.207373271889423,187.85714285714286,71.13824884792626,10.09216589861751,3
FORMOSA,1,2020,28.868981481481487,65.65714285714265,67.14351851851852,9.199074074074074,106
FORMOSA,2,2018,27.48724489795917,70.57142857142857,68.53571428571429,8.295918367346939,5
FORMOSA,2,2019,27.644897959183677,110.05714285714258,67.19897959183673,9.46938775510204,0
FORMOSA,2,2020,27.98620689655173,106.28571428571429,63.65024630541872,9.310344827586206,624
FORMOSA,3,2018,25.408294930875574,151.11428571428613,77.6589861751152,8.304147465437788,10
FORMOSA,3,2019,24.752073732718905,152.9857142857138,76.51152073732719,8.267281105990783,1
FORMOSA,3,2020,28.31520737327192,122.57142857142857,60.17972350230415,7.84331797235023,863
FORMOSA,4,2018,26.530476190476193,33.42857142857143,70.66190476190476,9.104761904761904,1
FORMOSA,4,2019,23.125238095238114,197.385714285715,82.64285714285714,7.219047619047619,0
FORMOSA,4,2020,22.973333333333326,42.742857142857176,64.12380952380953,8.276190476190477,677
FORMOSA,5,2018,21.457603686635952,137.1142857142861,75.92626728110599,8.88479262672811,3
FORMOSA,5,2019,20.337788018433184,234.85714285714286,86.71889400921658,8.926267281105991,0
FORMOSA,5,2020,19.335023041474653,28.571428571428573,66.52073732718894,10.055299539170507,682
FORMOSA,6,2018,16.1057142857143,6.628571428571421,74.6,8.685714285714285,0
FORMOSA,6,2019,19.639047619047616,1.7857142857142858,77.42857142857143,10.695238095238095,0
FORMOSA,6,2020,19.83238095238095,36.31428571428579,69.01904761904763,10.776190476190477,165
FORMOSA,7,2018,15.758064516129023,3.1142857142857174,73.82488479262673,8.663594470046084,0
FORMOSA,7,2019,16.55944700460829,90.4000000000004,74.25806451612904,9.235023041474655,0
FORMOSA,8,2018,16.78571428571427,21.571428571428573,62.576036866359445,9.838709677419354,0
FORMOSA,8,2019,18.505069124423958,25.771428571428604,65.52073732718894,11.046082949308756,0
FORMOSA,9,2018,23.13523809523809,105.42857142857143,67.98095238095237,9.614285714285714,0
FORMOSA,9,2019,22.00428571428572,2.857142857142857,57.63809523809524,10.952380952380953,0
FORMOSA,10,2018,24.020737327188932,118.14285714285714,73.68663594470046,10.096774193548388,0
FORMOSA,10,2019,24.56589861751153,74.67142857142835,66.53917050691244,10.95852534562212,0
FORMOSA,11,2018,26.478571428571442,217.34285714285636,72.01904761904763,10.747619047619047,0
FORMOSA,11,2019,27.960476190476175,173.6571428571437,67.70476190476191,9.623809523809523,0
FORMOSA,12,2018,28.208294930875578,131.42857142857142,64.59907834101382,10.244239631336406,0
FORMOSA,12,2019,27.58663594470049,65.0,62.474654377880185,9.152073732718893,0
JUJUY,1,2018,18.09354838709678,117.19999999999987,74.5241935483871,6.963709677419355,0
JUJUY,1,2019,19.321370967741935,106.05000000000004,65.67338709677419,7.983870967741935,0
JUJUY,1,2020,19.220161290322586,152.30000000000058,69.72177419354838,7.721774193548387,19
JUJUY,2,2018,17.425892857142863,133.90000000000046,76.42857142857143,6.897321428571429,0
JUJUY,2,2019,18.054017857142856,50.24999999999982,67.125,7.294642857142857,7
JUJUY,2,2020,18.299999999999997,129.9500000000004,73.61637931034483,7.939655172413793,101
JUJUY,3,2018,17.09233870967741,65.39999999999974,73.70564516129032,6.75,0
JUJUY,3,2019,16.779435483870973,86.35000000000029,68.98387096774194,7.637096774193548,134
JUJUY,3,2020,18.16532258064516,66.5,69.8225806451613,7.479838709677419,1463
JUJUY,4,2018,16.56166666666667,92.89999999999989,73.57083333333334,5.916666666666667,0
JUJUY,4,2019,15.013749999999996,50.850000000000115,64.9875,6.525,161
JUJUY,4,2020,15.28125000000001,24.300000000000033,68.62916666666666,6.633333333333334,2182
JUJUY,5,2018,12.462096774193556,12.40000000000002,62.399193548387096,5.326612903225806,0
JUJUY,5,2019,11.635483870967741,0.75,58.74596774193548,6.774193548387097,45
JUJUY,5,2020,11.695564516129032,0.0,56.73790322580645,7.290322580645161,1453
JUJUY,6,2018,7.515416666666666,0.0,54.43333333333333,6.679166666666666,0
JUJUY,6,2019,9.486666666666661,5.549999999999995,59.09166666666667,6.425,0
JUJUY,6,2020,9.768749999999995,2.0,56.704166666666666,8.2,17
JUJUY,7,2018,8.233870967741934,5.700000000000007,49.86290322580645,6.520161290322581,0
JUJUY,7,2019,8.887096774193548,0.4999999999999985,52.49193548387097,7.362903225806452,0
JUJUY,8,2018,10.181854838709674,0.0,39.59274193548387,7.830645161290323,0
JUJUY,8,2019,10.969354838709679,0.0,42.721774193548384,8.931451612903226,0
JUJUY,9,2018,15.632916666666677,3.05,39.208333333333336,8.133333333333333,0
JUJUY,9,2019,14.904583333333344,0.15000000000000005,44.22083333333333,9.4375,0
JUJUY,10,2018,17.31895161290323,84.94999999999995,51.91532258064516,8.314516129032258,0
JUJUY,10,2019,17.35524193548387,6.300000000000001,51.108870967741936,8.951612903225806,0
JUJUY,11,2018,18.555416666666662,28.75,59.15,7.570833333333334,0
JUJUY,11,2019,19.50291666666667,43.95000000000003,60.34583333333333,8.870833333333334,0
JUJUY,12,2018,18.362903225806445,139.39999999999984,63.681451612903224,7.685483870967742,0
JUJUY,12,2019,19.048387096774196,63.00000000000014,66.06048387096774,7.995967741935484,0
LA PAMPA,1,2018,24.791532258064528,47.55000000000016,50.681451612903224,17.298387096774192,0
LA PAMPA,1,2019,23.239919354838715,142.14999999999952,66.06048387096774,15.77016129032258,0
LA PAMPA,1,2020,23.73636363636364,173.22644628099178,61.385892116182575,16.99173553719008,0
LA PAMPA,2,2018,24.10580357142859,30.94999999999992,57.32142857142857,18.111607142857142,0
LA PAMPA,2,2019,22.00357142857144,35.15000000000005,61.910714285714285,15.964285714285714,0
LA PAMPA,2,2020,22.03304347826089,82.93913043478261,64.37826086956522,15.620087336244541,2
LA PAMPA,3,2018,19.935483870967754,22.15000000000009,53.20161290322581,18.358870967741936,0
LA PAMPA,3,2019,18.31572580645161,36.45000000000001,69.94354838709677,14.21774193548387,0
LA PAMPA,3,2020,21.848305084745764,181.32711864406772,72.71610169491525,16.23728813559322,2
LA PAMPA,4,2018,18.387916666666662,29.65,71.8125,16.120833333333334,0
LA PAMPA,4,2019,17.194583333333334,20.549999999999937,64.79166666666667,12.858333333333333,0
LA PAMPA,4,2020,16.336363636363625,77.67142857142848,69.33971291866028,16.32857142857143,0
LA PAMPA,5,2018,12.678629032258064,40.89999999999984,79.5524193548387,13.620967741935484,0
LA PAMPA,5,2019,12.009274193548386,50.75,74.71774193548387,13.665322580645162,0
LA PAMPA,5,2020,12.157142857142848,1.4285714285714286,70.0184331797235,14.165898617511521,0
LA PAMPA,6,2018,7.262083333333329,11.850000000000035,69.075,13.875,0
LA PAMPA,6,2019,9.368749999999993,25.35000000000009,77.47083333333333,13.620833333333334,0
LA PAMPA,6,2020,8.490582959641253,12.401793721973068,74.4439461883408,13.860986547085203,0
LA PAMPA,7,2018,7.20201612903225,42.84999999999995,76.97177419354838,15.96774193548387,0
LA PAMPA,7,2019,7.637499999999996,0.0,69.63709677419355,12.44758064516129,0
LA PAMPA,8,2018,9.581854838709676,15.700000000000014,60.350806451612904,18.092741935483872,0
LA PAMPA,8,2019,9.760887096774187,2.75,59.25,16.483870967741936,0
LA PAMPA,9,2018,14.587083333333336,51.800000000000196,61.1625,17.1,0
LA PAMPA,9,2019,12.995416666666655,8.5,53.2375,17.429166666666667,0
LA PAMPA,10,2018,16.07741935483871,75.90000000000005,60.86290322580645,18.508064516129032,0
LA PAMPA,10,2019,16.47379032258065,18.450000000000003,51.19758064516129,17.028225806451612,0
LA PAMPA,11,2018,19.5,99.14999999999995,61.358333333333334,20.095833333333335,0
LA PAMPA,11,2019,22.067500000000003,89.80000000000025,50.99166666666667,19.1125,0
LA PAMPA,12,2018,22.484274193548384,166.60000000000014,54.49193548387097,18.483870967741936,0
LA PAMPA,12,2019,23.533467741935503,93.5,48.778225806451616,18.70967741935484,0
LA RIOJA,1,2018,27.091935483870976,125.60000000000025,59.91129032258065,7.741935483870968,0
LA RIOJA,1,2019,26.492741935483892,137.6000000000002,70.34677419354838,7.395161290322581,0
LA RIOJA,1,2020,28.648387096774204,74.30000000000004,57.056451612903224,8.564516129032258,10
LA RIOJA,2,2018,25.87678571428572,45.19999999999991,66.55357142857143,6.3125,0
LA RIOJA,2,2019,25.841071428571418,17.0,63.63392857142857,9.160714285714286,0
LA RIOJA,2,2020,25.98103448275862,89.0,65.83620689655173,7.120689655172414,131
LA RIOJA,3,2018,23.854032258064517,41.0,56.00806451612903,5.879032258064516,0
LA RIOJA,3,2019,21.32258064516129,118.79999999999974,75.04838709677419,8.10483870967742,0
LA RIOJA,3,2020,26.187903225806448,33.0,63.725806451612904,9.14516129032258,679
LA RIOJA,4,2018,22.663333333333338,19.0,67.14166666666667,5.125,0
LA RIOJA,4,2019,19.598333333333322,70.89999999999985,78.90833333333333,5.908333333333333,0
LA RIOJA,4,2020,21.215833333333343,3.199999999999993,63.81666666666667,8.116666666666667,69
LA RIOJA,5,2018,16.774193548387096,6.600000000000015,73.79838709677419,4.92741935483871,0
LA RIOJA,5,2019,15.056451612903219,6.0,77.9758064516129,5.274193548387097,0
LA RIOJA,5,2020,14.895967741935477,2.0,60.79838709677419,7.42741935483871,24
LA RIOJA,6,2018,9.655833333333328,0.0,66.90833333333333,5.416666666666667,0
LA RIOJA,6,2019,11.169166666666664,0.0,72.0,4.641666666666667,0
LA RIOJA,6,2020,11.009999999999991,0.5,65.7,7.158333333333333,3
LA RIOJA,7,2018,9.124999999999998,16.599999999999962,69.23387096774194,6.088709677419355,0
LA RIOJA,7,2019,11.059677419354838,2.0,70.43548387096774,4.274193548387097,0
LA RIOJA,8,2018,13.496774193548383,0.5,46.75,6.774193548387097,0
LA RIOJA,8,2019,13.862096774193542,0.0,52.653225806451616,7.580645161290323,0
LA RIOJA,9,2018,20.98500000000001,9.600000000000003,53.958333333333336,7.058333333333334,0
LA RIOJA,9,2019,17.84083333333334,13.0,46.475,9.433333333333334,0
LA RIOJA,10,2018,21.454838709677418,31.69999999999993,60.08064516129032,6.185483870967742,0
LA RIOJA,10,2019,21.878225806451606,66.0,53.66129032258065,8.991935483870968,0
LA RIOJA,11,2018,25.72416666666667,20.0,56.78333333333333,7.1,0
LA RIOJA,11,2019,26.828813559322043,51.699999999999896,56.0,10.796610169491526,0
LA RIOJA,12,2018,26.36532258064516,74.10000000000018,60.693548387096776,7.330645161290323,0
LA RIOJA,12,2019,27.05725806451615,39.0,53.78225806451613,9.169354838709678,0
MENDOZA,1,2018,24.116935483870982,32.93999999999984,46.60645161290323,8.312903225806451,0
MENDOZA,1,2019,23.82532258064515,40.83999999999938,50.73225806451613,8.580645161290322,0
MENDOZA,1,2020,25.496278317152075,31.153311793214936,46.09385113268608,8.483818770226538,4
MENDOZA,2,2018,23.31785714285712,40.0800000000001,52.55535714285714,8.269642857142857,0
MENDOZA,2,2019,22.954285714285696,17.299999999999923,51.61785714285714,8.216071428571428,1
MENDOZA,2,2020,22.685492227979257,43.05354058721888,52.04490500863558,8.020725388601036,3
MENDOZA,3,2018,19.405806451612865,2.740000000000002,43.99193548387097,8.312903225806451,0
MENDOZA,3,2019,17.90806451612904,36.86000000000022,59.64032258064516,7.001612903225807,0
MENDOZA,3,2020,22.57491909385113,22.141747572815476,52.763754045307444,7.3624595469255665,1
MENDOZA,4,2018,16.651000000000014,8.2,59.675,7.406666666666666,0
MENDOZA,4,2019,16.523666666666667,15.699999999999967,59.475,6.576666666666667,0
MENDOZA,4,2020,15.948833333333338,10.480000000000016,61.11833333333333,6.716666666666667,0
MENDOZA,5,2018,11.442419354838714,20.62000000000009,69.1241935483871,7.47741935483871,0
MENDOZA,5,2019,10.666774193548402,27.879999999999974,69.06290322580645,6.888709677419355,0
MENDOZA,5,2020,11.511744966442958,4.827684563758346,57.62080536912752,7.283557046979865,0
MENDOZA,6,2018,6.5615,3.380000000000006,61.2,7.723333333333334,0
MENDOZA,6,2019,7.7028333333333405,7.26,61.725,8.005,0
MENDOZA,6,2020,7.008333333333336,15.960000000000033,63.348333333333336,7.425,0
MENDOZA,7,2018,5.203225806451611,8.000000000000002,65.93870967741935,7.509677419354839,0
MENDOZA,7,2019,7.288064516129042,0.03999999999999991,58.03387096774193,7.985483870967742,0
MENDOZA,8,2018,9.075645161290327,1.7799999999999951,46.68225806451613,8.908064516129032,0
MENDOZA,8,2019,9.392258064516135,1.6600000000000001,48.193548387096776,8.358064516129032,0
MENDOZA,9,2018,14.620666666666684,5.479999999999977,51.848333333333336,9.043333333333333,0
MENDOZA,9,2019,12.701666666666672,5.919999999999982,42.72,7.98,0
MENDOZA,10,2018,16.084516129032263,25.880000000000162,52.30967741935484,8.654838709677419,0
MENDOZA,10,2019,16.213225806451618,7.179999999999989,42.17741935483871,8.775806451612903,0
MENDOZA,11,2018,20.09166666666665,27.93999999999986,49.20666666666666,10.371666666666666,0
MENDOZA,11,2019,22.196166666666663,26.31999999999979,44.516666666666666,8.936666666666667,0
MENDOZA,12,2018,22.361290322580626,28.71999999999999,45.16774193548387,9.64516129032258,0
MENDOZA,12,2019,24.117096774193527,6.720000000000005,37.54354838709678,9.419354838709678,0
MISIONES,1,2018,25.455645161290338,355.80000000000115,80.26612903225806,9.21774193548387,1
MISIONES,1,2019,27.564112903225784,120.85000000000004,75.2741935483871,10.725806451612904,11
MISIONES,1,2020,26.584210526315786,286.2392712550593,76.36437246963563,8.838056680161943,562
MISIONES,2,2018,25.714732142857155,113.85000000000055,71.66517857142857,9.571428571428571,2
MISIONES,2,2019,25.688392857142862,173.5,73.6875,10.303571428571429,25
MISIONES,2,2020,26.025108225108237,147.30649350649338,71.22943722943722,9.61038961038961,1383
MISIONES,3,2018,24.65161290322579,319.5,79.16532258064517,7.94758064516129,27
MISIONES,3,2019,23.890725806451606,331.2000000000011,77.78629032258064,8.39516129032258,68
MISIONES,3,2020,26.224472573839662,67.78649789029501,67.53813559322033,7.962025316455696,2286
MISIONES,4,2018,24.505833333333314,8.100000000000016,75.23333333333333,7.245833333333334,51
MISIONES,4,2019,22.65166666666666,226.25,84.9,7.866666666666666,102
MISIONES,4,2020,21.48190476190476,93.25714285714278,69.62679425837321,8.842857142857143,949
MISIONES,5,2018,20.1133064516129,108.1999999999999,77.78225806451613,8.883064516129032,61
MISIONES,5,2019,19.937500000000018,270.25,89.14112903225806,9.125,11
MISIONES,5,2020,17.584862385321106,139.70550458715627,77.6743119266055,9.504587155963304,210
MISIONES,6,2018,15.235833333333337,61.75,81.78333333333333,8.783333333333333,3
MISIONES,6,2019,19.627083333333346,25.5,79.12916666666666,9.429166666666667,0
MISIONES,6,2020,18.750952380952384,127.01428571428603,79.89047619047619,10.933333333333334,21
MISIONES,7,2018,16.712903225806453,23.59999999999991,79.31451612903226,9.0,0
MISIONES,7,2019,15.590725806451628,86.09999999999997,78.71370967741936,9.536290322580646,0
MISIONES,8,2018,15.891935483870975,67.95000000000036,74.37096774193549,9.512096774193548,0
MISIONES,8,2019,17.917741935483885,50.85000000000001,70.04032258064517,11.262096774193548,0
MISIONES,9,2018,20.72749999999999,179.90000000000074,76.93333333333334,9.3625,0
MISIONES,9,2019,21.48041666666668,21.0,64.65,11.170833333333333,0
MISIONES,10,2018,22.01169354838709,361.39999999999816,79.56048387096774,10.794354838709678,0
MISIONES,10,2019,24.370564516129047,154.75000000000034,71.11693548387096,11.064516129032258,0
MISIONES,11,2018,24.95333333333333,185.3999999999999,72.34166666666667,11.033333333333333,0
MISIONES,11,2019,25.95583333333334,183.19999999999987,72.9,10.416666666666666,0
MISIONES,12,2018,26.14354838709676,79.54999999999998,67.48790322580645,10.391129032258064,0
MISIONES,12,2019,25.54919354838709,167.25,71.65322580645162,9.42741935483871,0
NEUQUÉN,1,2018,24.945161290322595,9.0,41.96774193548387,13.25,0
NEUQUÉN,1,2019,23.509677419354837,0.0,34.653225806451616,11.620967741935484,0
NEUQUÉN,1,2020,24.92419354838708,12.0,36.96774193548387,14.580645161290322,2
NEUQUÉN,2,2018,23.925000000000004,23.599999999999948,47.5625,10.5625,0
NEUQUÉN,2,2019,23.284821428571426,7.700000000000014,41.00892857142857,9.955357142857142,0
NEUQUÉN,2,2020,22.27586206896551,5.0,42.87931034482759,11.655172413793103,1
NEUQUÉN,3,2018,18.39919354838709,3.0,47.693548387096776,9.137096774193548,0
NEUQUÉN,3,2019,18.598387096774193,0.0,49.16129032258065,10.088709677419354,0
NEUQUÉN,3,2020,21.721774193548384,4.0,50.25806451612903,7.104838709677419,1
NEUQUÉN,4,2018,15.011666666666663,0.0,56.86666666666667,8.091666666666667,0
NEUQUÉN,4,2019,15.831666666666672,9.0,60.00833333333333,7.683333333333334,0
NEUQUÉN,4,2020,15.365000000000007,1.0,59.86666666666667,6.308333333333334,0
NEUQUÉN,5,2018,10.399193548387105,25.0,72.8225806451613,6.854838709677419,0
NEUQUÉN,5,2019,10.524193548387105,18.400000000000045,70.6774193548387,8.46774193548387,0
NEUQUÉN,5,2020,10.713709677419363,60.0,65.33870967741936,7.596774193548387,0
NEUQUÉN,6,2018,6.535,14.0,68.88333333333334,8.508333333333333,0
NEUQUÉN,6,2019,8.059166666666664,18.70000000000001,71.84166666666667,8.708333333333334,0
NEUQUÉN,6,2020,6.353333333333329,19.59999999999996,72.46666666666667,8.325,0
NEUQUÉN,7,2018,6.175806451612903,65.10000000000015,73.15322580645162,8.766129032258064,0
NEUQUÉN,7,2019,7.041935483870968,7.200000000000014,67.20967741935483,8.443548387096774,0
NEUQUÉN,8,2018,8.734677419354844,0.7999999999999982,56.564516129032256,7.709677419354839,0
NEUQUÉN,8,2019,8.516129032258066,8.79999999999998,59.83870967741935,10.17741935483871,0
NEUQUÉN,9,2018,12.855833333333333,47.0,49.825,11.466666666666667,0
NEUQUÉN,9,2019,11.535833333333334,11.0,48.7,12.525,0
NEUQUÉN,10,2018,14.463709677419356,38.69999999999991,52.064516129032256,11.225806451612904,0
NEUQUÉN,10,2019,15.149193548387101,12.200000000000028,44.314516129032256,12.28225806451613,0
NEUQUÉN,11,2018,19.284999999999993,46.3000000000001,44.641666666666666,12.258333333333333,0
NEUQUÉN,11,2019,20.01,19.0,36.016666666666666,14.408333333333333,0
NEUQUÉN,12,2018,22.390322580645165,13.0,37.83064516129032,12.096774193548388,0
NEUQUÉN,12,2019,23.358064516129023,0.0,32.233870967741936,12.07258064516129,0
RÍO NEGRO,1,2018,19.395890410958906,23.750136986301307,44.04109589041096,20.38082191780822,0
RÍO NEGRO,1,2019,17.770430107526877,7.466666666666651,44.61827956989247,20.868279569892472,0
RÍO NEGRO,1,2020,19.001396648044704,31.58607242339833,47.20670391061452,20.314763231197773,1
RÍO NEGRO,2,2018,19.411038961038955,15.045454545454598,47.05194805194805,16.467532467532468,0
RÍO NEGRO,2,2019,18.19196428571429,1.7999999999999978,45.56547619047619,16.773809523809526,0
RÍO NEGRO,2,2020,17.158550724637685,12.337572254335265,50.50581395348837,18.338150289017342,0
RÍO NEGRO,3,2018,14.149853372434016,35.83636363636353,52.07624633431085,18.973607038123166,0
RÍO NEGRO,3,2019,14.171505376344088,20.36666666666667,56.083333333333336,15.276881720430108,0
RÍO NEGRO,3,2020,17.050806451612903,11.633333333333368,53.33783783783784,13.338709677419354,2
RÍO NEGRO,4,2018,10.699999999999994,40.6289156626505,57.653614457831324,16.08132530120482,0
RÍO NEGRO,4,2019,11.886944444444442,7.866666666666636,58.022222222222226,15.680555555555555,0
RÍO NEGRO,4,2020,11.121666666666666,19.16666666666673,61.69444444444444,12.469444444444445,0
RÍO NEGRO,5,2018,7.1909090909090905,39.59090909090909,71.4574780058651,12.0791788856305,0
RÍO NEGRO,5,2019,6.976612903225805,57.29999999999969,71.11827956989248,12.744623655913978,0
RÍO NEGRO,5,2020,7.395698924731183,70.99999999999963,71.45698924731182,14.96774193548387,0
RÍO NEGRO,6,2018,3.0766666666666667,80.5,72.06853582554517,16.681818181818183,0
RÍO NEGRO,6,2019,5.559722222222221,91.3666666666663,73.96111111111111,17.477777777777778,0
RÍO NEGRO,6,2020,4.091944444444444,63.733333333333405,74.17222222222222,15.661111111111111,0
RÍO NEGRO,7,2018,2.4621776504297994,70.13581661891124,75.59248554913295,13.068767908309455,0
RÍO NEGRO,7,2019,3.5741935483870972,65.13333333333348,72.88172043010752,14.795698924731182,0
RÍO NEGRO,8,2018,5.267217630853996,18.30358126721759,63.80165289256198,15.900826446280991,0
RÍO NEGRO,8,2019,4.829032258064517,43.766666666666794,68.09946236559139,15.118279569892474,0
RÍO NEGRO,9,2018,7.710584958217272,56.63565459610004,62.42618384401114,17.559888579387188,0
RÍO NEGRO,9,2019,6.872777777777778,15.833333333333313,59.952777777777776,18.383333333333333,0
RÍO NEGRO,10,2018,9.527956989247311,42.799999999999606,62.483870967741936,17.927419354838708,0
RÍO NEGRO,10,2019,9.820821917808223,30.424657534246617,55.79178082191781,18.30958904109589,0
RÍO NEGRO,11,2018,13.26555555555555,41.53333333333318,56.49722222222222,19.366666666666667,0
RÍO NEGRO,11,2019,14.172112676056349,18.326760563380173,49.46478873239437,22.991549295774647,0
RÍO NEGRO,12,2018,16.97553763440861,27.966666666666594,49.233870967741936,19.349462365591396,0
RÍO NEGRO,12,2019,17.04180327868852,8.06092896174862,46.02459016393443,19.887978142076502,0
SALTA,1,2018,24.041666666666657,299.4333333333316,76.90053763440861,7.599462365591398,0
SALTA,1,2019,24.880913978494615,114.00000000000108,77.63440860215054,7.817204301075269,54
SALTA,1,2020,25.68428184281842,162.0558265582655,72.79132791327913,7.043360433604336,339
SALTA,2,2018,23.445238095238114,131.6666666666671,78.51190476190476,7.1726190476190474,0
SALTA,2,2019,23.580059523809513,150.5666666666657,78.38392857142857,8.00297619047619,132
SALTA,2,2020,23.569252873563237,302.7333333333325,80.54310344827586,6.57183908045977,1405
SALTA,3,2018,21.423118279569902,97.46666666666684,82.71236559139786,6.739247311827957,6
SALTA,3,2019,20.827956989247323,153.8666666666666,85.50268817204301,7.053763440860215,32
SALTA,3,2020,24.23064516129033,51.86666666666705,75.85752688172043,6.708894878706199,1681
SALTA,4,2018,22.158888888888892,87.3666666666674,82.28055555555555,6.152777777777778,7
SALTA,4,2019,19.694444444444443,98.03333333333315,85.2611111111111,5.822222222222222,72
SALTA,4,2020,20.528611111111108,75.26666666666658,77.74444444444444,6.2555555555555555,1112
SALTA,5,2018,18.546236559139803,45.433333333333245,83.01075268817205,6.158602150537634,30
SALTA,5,2019,16.32795698924732,26.866666666666823,84.69086021505376,5.368279569892473,76
SALTA,5,2020,16.043935309973055,4.325336927223718,76.25606469002696,6.37466307277628,2951
SALTA,6,2018,11.596388888888889,0.6333333333333352,75.26388888888889,6.644444444444445,0
SALTA,6,2019,14.18972222222222,6.533333333333326,82.55,5.761111111111111,0
SALTA,6,2020,14.5875,1.7666666666666895,73.33055555555555,7.1194444444444445,83
SALTA,7,2018,11.33252688172043,9.233333333333292,75.74462365591398,6.64247311827957,0
SALTA,7,2019,13.341666666666672,5.800000000000014,76.13709677419355,6.153225806451613,0
SALTA,8,2018,14.755913978494617,0.0,60.33870967741935,8.188172043010752,0
SALTA,8,2019,15.292741935483873,0.0,59.043010752688176,7.774193548387097,0
SALTA,9,2018,21.366666666666685,10.400000000000032,57.25833333333333,8.475,0
SALTA,9,2019,18.890555555555576,0.3999999999999973,52.733333333333334,8.019444444444444,0
SALTA,10,2018,21.59381720430108,117.70000000000073,69.86021505376344,8.384408602150538,0
SALTA,10,2019,22.11559139784947,23.433333333333263,59.405913978494624,9.376344086021506,0
SALTA,11,2018,23.06555555555555,82.96666666666687,75.54444444444445,8.369444444444444,0
SALTA,11,2019,25.84083333333332,118.23333333333309,63.858333333333334,8.286111111111111,0
SALTA,12,2018,23.642204301075274,170.19999999999908,77.86827956989248,7.669354838709677,0
SALTA,12,2019,24.59354838709677,104.39999999999974,69.90322580645162,8.172043010752688,0
SAN JUAN,1,2018,25.729032258064514,33.88571428571439,48.45622119815668,10.073732718894009,0
SAN JUAN,1,2019,26.60542168674699,22.107228915662596,48.59036144578313,11.53012048192771,0
SAN JUAN,1,2020,28.210837438423642,34.16009852216749,41.241379310344826,10.41871921182266,0
SAN JUAN,2,2018,25.74744897959184,30.071428571428573,48.93877551020408,11.653061224489797,0
SAN JUAN,2,2019,25.6195652173913,10.58695652173913,46.84782608695652,10.543478260869565,0
SAN JUAN,2,2020,25.6873015873016,11.588888888888894,46.645502645502646,10.693121693121693,0
SAN JUAN,3,2018,21.70506912442397,4.571428571428571,41.82027649769585,8.622119815668203,0
SAN JUAN,3,2019,21.27947019867549,9.195364238410596,52.450331125827816,11.225165562913908,0
SAN JUAN,3,2020,24.872772277227718,25.617821782178204,50.039603960396036,9.497512437810945,12
SAN JUAN,4,2018,19.137499999999992,0.0,54.11057692307692,7.7451923076923075,0
SAN JUAN,4,2019,18.955555555555556,1.2727272727272796,54.86868686868687,8.621212121212121,0
SAN JUAN,4,2020,18.153030303030306,1.1818181818181819,55.88383838383838,7.808080808080808,44
SAN JUAN,5,2018,12.478037383177568,0.29439252336448646,64.7803738317757,6.411214953271028,0
SAN JUAN,5,2019,12.346341463414637,4.524390243902439,62.19024390243902,7.839024390243902,0
SAN JUAN,5,2020,12.337128712871289,2.7693069306930562,53.381188118811885,7.143564356435643,43
SAN JUAN,6,2018,7.069902912621361,0.04174757281553391,57.86407766990291,6.223300970873787,0
SAN JUAN,6,2019,8.132820512820514,0.0,56.81025641025641,7.630769230769231,0
SAN JUAN,6,2020,8.153030303030302,3.1515151515151514,55.77272727272727,9.232323232323232,1
SAN JUAN,7,2018,5.799532710280377,3.8429906542056207,63.967289719626166,6.140186915887851,0
SAN JUAN,7,2019,7.88926829268293,0.0,52.8,6.878048780487805,0
SAN JUAN,8,2018,10.324038461538464,0.3576923076923077,43.93269230769231,8.115384615384615,0
SAN JUAN,8,2019,10.904390243902446,0.0,39.35121951219512,7.3463414634146345,0
SAN JUAN,9,2018,17.533333333333342,1.2608695652173914,43.83495145631068,11.193236714975846,0
SAN JUAN,9,2019,14.616923076923083,0.3615384615384615,36.36923076923077,9.743589743589743,0
SAN JUAN,10,2018,18.95492957746479,11.352112676056338,42.528169014084504,14.098591549295774,0
SAN JUAN,10,2019,19.425888324873092,0.6294416243654822,36.33502538071066,11.304568527918782,0
SAN JUAN,11,2018,23.261666666666677,4.5,44.15,17.375,0
SAN JUAN,11,2019,25.613131313131305,5.454545454545454,40.10606060606061,12.590909090909092,0
SAN JUAN,12,2018,25.484677419354835,8.0,41.185483870967744,15.338709677419354,0
SAN JUAN,12,2019,26.90810810810811,7.648648648648648,31.304054054054053,13.89864864864865,0
SAN LUIS,1,2018,23.890725806451616,108.75000000000036,57.41532258064516,12.903225806451612,0
SAN LUIS,1,2019,23.618145161290325,67.25,66.56451612903226,13.326612903225806,0
SAN LUIS,1,2020,25.656147540983604,67.77049180327869,54.83196721311475,17.008230452674898,0
SAN LUIS,2,2018,23.465178571428567,59.15000000000003,58.825892857142854,11.995535714285714,0
SAN LUIS,2,2019,23.144642857142873,20.39999999999988,62.767857142857146,14.035714285714286,0
SAN LUIS,2,2020,23.30043103448276,49.85,60.67672413793103,15.474137931034482,1
SAN LUIS,3,2018,20.292338709677427,41.44999999999982,50.431451612903224,11.90725806451613,0
SAN LUIS,3,2019,18.539112903225803,118.30000000000028,72.16129032258064,12.15725806451613,0
SAN LUIS,3,2020,23.3017094017094,81.96153846153847,63.99145299145299,12.294871794871796,23
SAN LUIS,4,2018,18.591666666666665,48.05000000000018,71.1875,11.8875,0
SAN LUIS,4,2019,17.07041666666667,55.0,69.07083333333334,10.266666666666667,0
SAN LUIS,4,2020,17.54333333333334,29.94285714285715,65.15238095238095,11.471428571428572,4
SAN LUIS,5,2018,13.289919354838705,56.80000000000018,76.79032258064517,10.116935483870968,0
SAN LUIS,5,2019,12.665322580645169,23.94999999999991,74.59677419354838,11.02016129032258,0
SAN LUIS,5,2020,12.798617511520744,0.0,57.56221198156682,10.829493087557603,0
SAN LUIS,6,2018,7.636666666666668,5.699999999999995,65.1625,9.704166666666667,0
SAN LUIS,6,2019,9.51208333333334,15.0,70.24583333333334,10.341666666666667,0
SAN LUIS,6,2020,9.024285714285709,4.356666666666667,61.32380952380952,10.90952380952381,0
SAN LUIS,7,2018,6.65403225806452,8.350000000000021,69.09677419354838,9.741935483870968,0
SAN LUIS,7,2019,8.717741935483875,0.0,62.774193548387096,10.60483870967742,0
SAN LUIS,8,2018,10.436693548387096,2.2,47.86290322580645,13.068548387096774,0
SAN LUIS,8,2019,11.097983870967735,0.0,49.26209677419355,13.588709677419354,0
SAN LUIS,9,2018,16.52458333333333,19.350000000000012,57.75,13.116666666666667,0
SAN LUIS,9,2019,14.340000000000003,15.0,43.829166666666666,15.545833333333333,0
SAN LUIS,10,2018,17.892338709677418,35.69999999999982,55.145161290322584,17.443548387096776,0
SAN LUIS,10,2019,17.62096774193548,22.45000000000002,51.233870967741936,19.875,0
SAN LUIS,11,2018,20.992499999999996,115.0,60.3375,18.0125,0
SAN LUIS,11,2019,23.077731092436967,107.56302521008394,53.80252100840336,18.529411764705884,0
SAN LUIS,12,2018,23.107661290322575,67.09999999999995,56.17741935483871,16.93951612903226,0
SAN LUIS,12,2019,24.495564516129033,49.5,46.0,17.112903225806452,0
SANTA CRUZ,1,2018,15.433467741935482,33.250000000000135,48.95161290322581,25.012096774193548,0
SANTA CRUZ,1,2019,13.744354838709683,33.90000000000006,44.024193548387096,30.68548387096774,0
SANTA CRUZ,1,2020,14.040983606557381,55.16229508196709,54.38934426229508,28.475409836065573,0
SANTA CRUZ,2,2018,16.15758928571429,7.049999999999977,49.57142857142857,24.40625,0
SANTA CRUZ,2,2019,14.10758928571428,27.950000000000067,49.47767857142857,29.116071428571427,0
SANTA CRUZ,2,2020,14.556034482758612,17.750000000000014,50.49568965517241,28.29741379310345,1
SANTA CRUZ,3,2018,11.820564516129025,11.70000000000003,48.983870967741936,25.29032258064516,0
SANTA CRUZ,3,2019,12.283064516129025,41.150000000000006,63.689516129032256,20.75,0
SANTA CRUZ,3,2020,13.572103004291836,21.211111111111116,60.06866952789699,22.38034188034188,1
SANTA CRUZ,4,2018,8.765000000000006,59.04999999999986,62.47083333333333,23.166666666666668,0
SANTA CRUZ,4,2019,8.987499999999999,35.3000000000001,67.40416666666667,25.554166666666667,0
SANTA CRUZ,4,2020,10.12761904761905,5.42857142857143,59.39523809523809,22.276190476190475,0
SANTA CRUZ,5,2018,5.498387096774195,32.49999999999986,74.20564516129032,17.173387096774192,0
SANTA CRUZ,5,2019,5.862096774193549,22.199999999999932,69.08467741935483,21.294354838709676,0
SANTA CRUZ,5,2020,6.075229357798166,34.31559633027514,76.42201834862385,18.504587155963304,0
SANTA CRUZ,6,2018,2.2087499999999993,22.29999999999999,73.4875,22.491666666666667,0
SANTA CRUZ,6,2019,3.401250000000004,12.84999999999995,77.175,19.775,0
SANTA CRUZ,6,2020,2.213270142180097,27.723222748815246,75.48309178743962,21.805687203791468,0
SANTA CRUZ,7,2018,1.727822580645162,4.249999999999994,72.63306451612904,17.548387096774192,0
SANTA CRUZ,7,2019,3.548387096774193,41.650000000000254,77.94354838709677,18.391129032258064,0
SANTA CRUZ,8,2018,5.262903225806451,5.249999999999975,62.125,24.116935483870968,0
SANTA CRUZ,8,2019,3.135080645161291,7.600000000000023,71.98790322580645,25.076612903225808,0
SANTA CRUZ,9,2018,5.807916666666667,33.45000000000022,64.9125,21.020833333333332,0
SANTA CRUZ,9,2019,5.5695833333333375,24.849999999999916,63.99583333333333,25.195833333333333,0
SANTA CRUZ,10,2018,8.23911290322581,8.500000000000032,57.346774193548384,24.173387096774192,0
SANTA CRUZ,10,2019,8.939516129032254,6.649999999999996,52.63709677419355,26.108870967741936,0
SANTA CRUZ,11,2018,12.525000000000002,9.549999999999955,44.7,29.504166666666666,0
SANTA CRUZ,11,2019,11.307916666666666,25.600000000000044,54.016666666666666,29.754166666666666,0
SANTA CRUZ,12,2018,15.309677419354836,6.75,44.67741935483871,27.552419354838708,0
SANTA CRUZ,12,2019,14.380645161290325,26.850000000000115,48.596774193548384,30.903225806451612,0
SANTA FE,1,2018,26.070967741935494,53.099999999999945,62.945454545454545,12.4989898989899,0
SANTA FE,1,2019,25.302620967741934,280.97499999999985,78.91129032258064,13.3125,35
SANTA FE,1,2020,25.523140495867782,98.31735537190099,68.25413223140495,12.566115702479339,15
SANTA FE,2,2018,26.26874999999998,15.02500000000006,58.24330357142857,11.729910714285714,0
SANTA FE,2,2019,24.34241071428571,90.75,71.25223214285714,11.339285714285714,96
SANTA FE,2,2020,24.262554112554103,106.26623376623338,68.02164502164503,11.366594360086768,221
SANTA FE,3,2018,22.720564516129027,70.42499999999946,62.350806451612904,12.215725806451612,0
SANTA FE,3,2019,21.346370967741937,127.70000000000105,75.57056451612904,11.768145161290322,158
SANTA FE,3,2020,24.590524193548386,81.52499999999964,69.94153225806451,10.971774193548388,1662
SANTA FE,4,2018,23.20499999999997,138.1500000000007,76.95416666666667,12.110416666666667,2
SANTA FE,4,2019,19.312499999999996,112.82500000000081,79.4875,10.333333333333334,136
SANTA FE,4,2020,18.912343096234302,85.31255230125606,71.34518828451883,10.42468619246862,2078
SANTA FE,5,2018,16.940120967741937,161.949999999998,81.5,12.120967741935484,4
SANTA FE,5,2019,16.419556451612916,80.37499999999947,84.03629032258064,11.566532258064516,45
SANTA FE,5,2020,15.226612903225808,22.20000000000004,69.05846774193549,12.97983870967742,694
SANTA FE,6,2018,10.85583333333334,6.074999999999989,74.36458333333333,11.020833333333334,0
SANTA FE,6,2019,14.753541666666662,29.825000000000045,82.33541666666666,12.58125,0
SANTA FE,6,2020,12.914166666666661,25.59999999999991,76.45416666666667,12.014583333333333,10
SANTA FE,7,2018,10.74354838709677,24.12500000000003,77.9375,13.493951612903226,0
SANTA FE,7,2019,11.790725806451613,42.500000000000014,76.08064516129032,12.683467741935484,0
SANTA FE,8,2018,12.219153225806451,24.42500000000011,67.41733870967742,15.80241935483871,0
SANTA FE,8,2019,13.365927419354835,9.375000000000036,68.36693548387096,14.445564516129032,0
SANTA FE,9,2018,19.19708333333335,45.999999999999794,71.27291666666666,15.3375,0
SANTA FE,9,2019,16.135208333333342,37.42500000000018,61.33125,14.277083333333334,0
SANTA FE,10,2018,19.371774193548383,93.15000000000055,66.69153225806451,15.598790322580646,0
SANTA FE,10,2019,19.36310483870969,74.15000000000003,71.35685483870968,16.864919354838708,0
SANTA FE,11,2018,22.610000000000014,267.82500000000033,69.22083333333333,16.433333333333334,0
SANTA FE,11,2019,23.51833333333337,107.17500000000001,68.95625,13.772916666666667,0
SANTA FE,12,2018,24.292741935483892,161.72499999999954,68.9375,13.721774193548388,0
SANTA FE,12,2019,24.10604838709678,184.44999999999973,64.21572580645162,13.449596774193548,0
SANTIAGO DEL ESTERO,1,2018,26.492741935483874,97.10000000000022,65.66935483870968,8.153225806451612,2
SANTIAGO DEL ESTERO,1,2019,26.28548387096774,391.19999999999936,73.41935483870968,10.540322580645162,1
SANTIAGO DEL ESTERO,1,2020,28.191935483870967,94.0,65.73387096774194,9.209677419354838,2
SANTIAGO DEL ESTERO,2,2018,26.460714285714282,39.0,59.839285714285715,7.75,0
SANTIAGO DEL ESTERO,2,2019,25.45892857142858,13.200000000000028,70.11607142857143,8.410714285714286,0
SANTIAGO DEL ESTERO,2,2020,25.85431034482758,151.20000000000033,68.4396551724138,8.991379310344827,35
SANTIAGO DEL ESTERO,3,2018,24.163709677419362,12.0,57.28225806451613,8.048387096774194,0
SANTIAGO DEL ESTERO,3,2019,22.280645161290312,77.80000000000001,77.7741935483871,8.088709677419354,1
SANTIAGO DEL ESTERO,3,2020,25.665040650406503,89.70000000000009,70.77235772357723,8.365853658536585,15
SANTIAGO DEL ESTERO,4,2018,23.42166666666665,61.5,71.74166666666666,8.125,46
SANTIAGO DEL ESTERO,4,2019,19.861666666666665,83.39999999999982,82.38333333333334,8.25,1
SANTIAGO DEL ESTERO,4,2020,20.811666666666657,28.5,68.70833333333333,7.966666666666667,41
SANTIAGO DEL ESTERO,5,2018,17.426612903225813,13.5,77.64516129032258,8.193548387096774,145
SANTIAGO DEL ESTERO,5,2019,16.013709677419357,9.0,80.63709677419355,7.596774193548387,0
SANTIAGO DEL ESTERO,5,2020,15.695967741935485,8.0,64.78225806451613,7.959677419354839,69
SANTIAGO DEL ESTERO,6,2018,11.033333333333333,0.0,63.975,6.158333333333333,1
SANTIAGO DEL ESTERO,6,2019,13.64083333333333,3.100000000000004,77.20833333333333,8.858333333333333,0
SANTIAGO DEL ESTERO,6,2020,13.364166666666673,1.5999999999999965,66.5,8.008333333333333,0
SANTIAGO DEL ESTERO,7,2018,10.216935483870973,6.20000000000001,66.04838709677419,8.225806451612904,0
SANTIAGO DEL ESTERO,7,2019,12.379032258064518,1.0999999999999974,67.95967741935483,8.120967741935484,0
SANTIAGO DEL ESTERO,8,2018,14.504838709677427,2.0,44.346774193548384,9.298387096774194,0
SANTIAGO DEL ESTERO,8,2019,15.008870967741935,0.0,49.475806451612904,9.911290322580646,0
SANTIAGO DEL ESTERO,9,2018,21.742500000000003,13.099999999999978,55.30833333333333,9.958333333333334,0
SANTIAGO DEL ESTERO,9,2019,18.394166666666663,0.0,46.40833333333333,8.858333333333333,0
SANTIAGO DEL ESTERO,10,2018,21.42822580645161,214.0,64.45967741935483,9.806451612903226,0
SANTIAGO DEL ESTERO,10,2019,22.51451612903224,17.0,54.306451612903224,12.161290322580646,0
SANTIAGO DEL ESTERO,11,2018,24.71166666666668,117.0,65.71666666666667,11.191666666666666,0
SANTIAGO DEL ESTERO,11,2019,27.0878260869565,90.70000000000009,58.81739130434783,10.541666666666666,0
SANTIAGO DEL ESTERO,12,2018,25.970967741935482,68.0,65.6774193548387,10.233870967741936,0
SANTIAGO DEL ESTERO,12,2019,26.6241935483871,57.600000000000115,65.24193548387096,10.620967741935484,0
TIERRA DEL FUEGO,1,2018,11.40645161290323,22.900000000000052,73.09677419354838,29.258064516129032,0
TIERRA DEL FUEGO,1,2019,10.695967741935485,8.299999999999981,62.306451612903224,34.37096774193548,0
TIERRA DEL FUEGO,1,2020,11.142148760330572,80.2,73.50413223140495,28.462809917355372,0
TIERRA DEL FUEGO,2,2018,11.475892857142856,15.70000000000003,72.17857142857143,27.169642857142858,0
TIERRA DEL FUEGO,2,2019,10.147321428571429,11.200000000000022,69.82142857142857,26.642857142857142,0
TIERRA DEL FUEGO,2,2020,11.350000000000001,15.0,74.72413793103448,27.0,0
TIERRA DEL FUEGO,3,2018,8.046774193548389,20.40000000000005,73.91129032258064,27.048387096774192,0
TIERRA DEL FUEGO,3,2019,9.193548387096778,42.60000000000004,80.49193548387096,25.427419354838708,0
TIERRA DEL FUEGO,3,2020,9.798387096774196,24.400000000000055,77.2741935483871,25.048387096774192,1
TIERRA DEL FUEGO,4,2018,5.139166666666666,19.5,81.775,22.7,0
TIERRA DEL FUEGO,4,2019,5.495000000000002,48.699999999999896,82.60833333333333,24.283333333333335,0
TIERRA DEL FUEGO,4,2020,6.496638655462183,1.3000000000000005,81.14285714285714,21.73109243697479,0
TIERRA DEL FUEGO,5,2018,3.1564516129032265,13.29999999999997,85.87903225806451,20.241935483870968,0
TIERRA DEL FUEGO,5,2019,3.3411290322580647,48.30000000000011,85.18548387096774,21.838709677419356,0
TIERRA DEL FUEGO,5,2020,3.924193548387096,84.0,91.64516129032258,15.491935483870968,0
TIERRA DEL FUEGO,6,2018,-0.08500000000000014,7.5,89.88333333333334,16.733333333333334,0
TIERRA DEL FUEGO,6,2019,0.8683333333333333,32.5,91.15,17.1,0
TIERRA DEL FUEGO,6,2020,-0.7674999999999995,12.299999999999974,89.83636363636364,17.741666666666667,0
TIERRA DEL FUEGO,7,2018,-0.7403225806451611,4.0,89.42148760330579,17.60483870967742,0
TIERRA DEL FUEGO,7,2019,1.192741935483871,64.30000000000013,93.00813008130082,16.846774193548388,0
TIERRA DEL FUEGO,8,2018,2.637903225806451,19.8,85.39516129032258,24.217741935483872,0
TIERRA DEL FUEGO,8,2019,1.4258064516129036,24.400000000000055,84.38709677419355,22.161290322580644,0
TIERRA DEL FUEGO,9,2018,2.9349999999999996,11.700000000000026,83.30833333333334,20.766666666666666,0
TIERRA DEL FUEGO,9,2019,3.924166666666667,12.0,79.275,21.558333333333334,0
TIERRA DEL FUEGO,10,2018,5.541935483870968,30.900000000000063,74.20161290322581,24.43548387096774,0
TIERRA DEL FUEGO,10,2019,5.950806451612899,9.0,72.24193548387096,27.887096774193548,0
TIERRA DEL FUEGO,11,2018,8.821666666666665,9.70000000000002,66.55,32.55,0
TIERRA DEL FUEGO,11,2019,8.319166666666664,18.59999999999996,70.78333333333333,25.166666666666668,0
TIERRA DEL FUEGO,12,2018,11.431451612903228,18.599999999999955,62.903225806451616,32.99193548387097,0
TIERRA DEL FUEGO,12,2019,10.869354838709684,57.30000000000012,68.4274193548387,28.733870967741936,0
TUCUMÁN,1,2018,24.806451612903224,419.0,74.58064516129032,8.701612903225806,0
TUCUMÁN,1,2019,25.0,172.59999999999982,79.12096774193549,9.379032258064516,0
TUCUMÁN,1,2020,26.150806451612908,294.0,73.39024390243902,9.459677419354838,0
TUCUMÁN,2,2018,24.49196428571429,134.5,73.74107142857143,9.616071428571429,0
TUCUMÁN,2,2019,24.344642857142855,91.10000000000018,76.67857142857143,9.75,0
TUCUMÁN,2,2020,24.2,209.29999999999959,77.73275862068965,8.586206896551724,2
TUCUMÁN,3,2018,22.300806451612903,38.0,74.83064516129032,9.89516129032258,1
TUCUMÁN,3,2019,20.63306451612902,201.09999999999965,83.4274193548387,8.596774193548388,1
TUCUMÁN,3,2020,24.720161290322586,79.5,76.3225806451613,7.806451612903226,765
TUCUMÁN,4,2018,22.104166666666675,27.699999999999946,81.0,6.325,0
TUCUMÁN,4,2019,19.57666666666667,137.5,82.83333333333333,8.391666666666667,0
TUCUMÁN,4,2020,20.233333333333338,34.5,77.61666666666666,6.9411764705882355,186
TUCUMÁN,5,2018,17.452419354838707,30.599999999999937,82.33870967741936,7.379032258064516,1
TUCUMÁN,5,2019,15.991935483870972,33.0,81.12903225806451,7.540322580645161,0
TUCUMÁN,5,2020,15.912903225806456,0.0,69.60483870967742,9.516129032258064,6803
TUCUMÁN,6,2018,11.355833333333335,4.0,70.21666666666667,8.733333333333333,0
TUCUMÁN,6,2019,13.315833333333346,14.0,79.85833333333333,8.383333333333333,0
TUCUMÁN,6,2020,13.485833333333334,3.8000000000000074,69.49166666666666,8.525,0
TUCUMÁN,7,2018,10.29758064516129,10.900000000000011,70.87903225806451,8.435483870967742,0
TUCUMÁN,7,2019,12.849193548387104,0.19999999999999954,72.51612903225806,7.758064516129032,0
TUCUMÁN,8,2018,14.665322580645165,1.0,51.00806451612903,10.153225806451612,0
TUCUMÁN,8,2019,14.64193548387097,0.0,58.03225806451613,9.048387096774194,0
TUCUMÁN,9,2018,21.2425,12.299999999999974,57.35294117647059,10.108333333333333,0
TUCUMÁN,9,2019,17.814999999999998,4.0,54.65833333333333,10.166666666666666,0
TUCUMÁN,10,2018,20.495967741935473,67.5,71.35483870967742,10.911290322580646,0
TUCUMÁN,10,2019,21.671774193548384,16.0,59.274193548387096,10.153225806451612,0
TUCUMÁN,11,2018,23.89,86.79999999999994,70.95833333333333,10.258333333333333,0
TUCUMÁN,11,2019,24.69083333333334,152.89999999999992,71.575,9.941666666666666,0
TUCUMÁN,12,2018,24.27258064516129,214.4000000000004,74.62903225806451,10.362903225806452,0
TUCUMÁN,12,2019,25.504032258064505,52.0,65.90322580645162,10.17741935483871,0
USHUAIA,1,2018,9.977419354838709,21.900000000000052,68.94354838709677,23.10483870967742,0
USHUAIA,1,2019,8.714516129032257,28.300000000000058,65.9758064516129,30.241935483870968,0
USHUAIA,1,2020,9.638524590163938,106.10000000000024,72.77049180327869,25.016393442622952,0
USHUAIA,2,2018,10.683035714285712,9.399999999999988,68.70535714285714,22.044642857142858,0
USHUAIA,2,2019,8.811607142857142,55.5,67.69642857142857,27.732142857142858,0
USHUAIA,2,2020,10.606086956521736,48.699999999999896,70.96521739130435,25.347826086956523,0
USHUAIA,3,2018,8.102419354838709,30.5,68.29838709677419,21.241935483870968,0
USHUAIA,3,2019,8.816935483870965,44.39999999999995,73.5725806451613,18.338709677419356,0
USHUAIA,3,2020,9.636290322580646,40.600000000000016,69.71544715447155,21.0,0
USHUAIA,4,2018,5.8360360360360355,28.900000000000055,73.02702702702703,18.063063063063062,0
USHUAIA,4,2019,5.627500000000001,79.8,76.425,22.291666666666668,0
USHUAIA,4,2020,7.71,17.400000000000038,69.53333333333333,20.141666666666666,0
USHUAIA,5,2018,4.440425531914894,39.5,75.6063829787234,19.574468085106382,0
USHUAIA,5,2019,4.674193548387096,26.5,73.21774193548387,19.612903225806452,0
USHUAIA,5,2020,5.681300813008128,25.0,75.00813008130082,17.276422764227643,0
USHUAIA,6,2018,2.753846153846153,72.80000000000011,74.64835164835165,17.703296703296704,0
USHUAIA,6,2019,2.339495798319328,38.90000000000002,80.54621848739495,14.134453781512605,0
USHUAIA,6,2020,2.6358333333333333,32.40000000000006,77.15,19.375,0
USHUAIA,7,2018,2.8872727272727268,25.5,70.66363636363636,18.80909090909091,0
USHUAIA,7,2019,2.6032258064516127,21.09999999999995,78.88709677419355,14.080645161290322,0
USHUAIA,8,2018,3.7282258064516123,67.80000000000011,73.0241935483871,20.491935483870968,0
USHUAIA,8,2019,2.615322580645162,75.89999999999982,75.8225806451613,24.306451612903224,0
USHUAIA,9,2018,3.74,36.59999999999997,69.95833333333333,19.058333333333334,0
USHUAIA,9,2019,3.6991666666666654,56.30000000000011,75.2,19.366666666666667,0
USHUAIA,10,2018,5.336290322580646,36.09999999999997,67.9274193548387,23.5,0
USHUAIA,10,2019,6.205645161290325,47.89999999999993,66.1774193548387,28.225806451612904,0
USHUAIA,11,2018,8.048333333333336,23.5,61.93333333333333,30.483333333333334,0
USHUAIA,11,2019,7.395833333333334,50.10000000000007,71.59166666666667,22.641666666666666,0
USHUAIA,12,2018,9.560483870967742,24.199999999999964,63.36290322580645,25.620967741935484,0
USHUAIA,12,2019,9.342741935483867,39.8000000000001,67.12096774193549,25.29032258064516,0
