ESTACION,AÑO,MES,CANTIDAD (mm),CODIGO PRECIP
10001,2018,1,129.4,
10001,2018,2,92.6,
10001,2018,3,73.9,
10001,2018,4,1.7,
10001,2018,5,0.0,
10001,2018,6,0.0,
10001,2018,7,0.0,
10001,2018,8,0.0,
10001,2018,9,0.1,
10001,2018,10,44.8,
10001,2018,11,27.5,
10001,2018,12,130.8,
10001,2019,1,50.1,
10001,2019,2,42.6,
10001,2019,3,47.0,
10001,2019,4,0.6,
10001,2019,5,0.0,
10001,2019,6,0.0,
10001,2019,7,0.2,
10001,2019,8,0.0,
10001,2019,9,0.0,
10001,2019,10,0.6,
10001,2019,11,30.4,
10001,2019,12,16.3,
10001,2020,1,89.2,
10001,2020,2,72.0,
10001,2020,3,30.5,
10001,2020,4,5.5,
10001,2020,5,0.0,
10001,2020,6,0.0,
10011,2018,1,168.0,
10011,2018,2,34.0,
10011,2018,3,129.0,
10011,2018,4,0.0,
10011,2018,5,75.0,
10011,2018,6,0.0,
10011,2018,7,1.0,
10011,2018,8,23.0,
10011,2018,9,20.0,
10011,2018,10,125.0,
10011,2018,11,179.0,
10011,2018,12,86.0,
10011,2019,1,197.0,
10011,2019,2,124.0,
10011,2019,3,81.5,
10011,2019,4,283.5,
10011,2019,5,136.0,
10011,2019,6,1.5,
10011,2019,7,84.0,
10011,2019,8,0.0,
10011,2019,9,0.0,
10011,2019,10,34.5,
10011,2019,11,246.0,
10011,2019,12,85.0,
10011,2020,1,68.0,
10011,2020,2,16.0,
10011,2020,3,158.0,
10011,2020,4,4.0,
10011,2020,5,0.0,
10011,2020,6,3.0,
10012,2018,1,254.4,
10012,2018,2,113.1,
10012,2018,3,56.2,
10012,2018,4,184.5,
10012,2018,5,53.3,
10012,2018,6,1.0,
10012,2018,7,3.3,
10012,2018,8,0.0,
10012,2018,9,2.3,
10012,2018,10,75.1,
10012,2018,11,62.2,
10012,2018,12,156.8,
10012,2019,1,155.2,
10012,2019,2,138.0,
10012,2019,3,79.4,
10012,2019,4,89.5,
10012,2019,5,5.2,
10012,2019,6,0.3,
10012,2019,7,1.0,
10012,2019,8,0.0,
10012,2019,9,1.1,
10012,2019,10,10.6,
10012,2019,11,156.4,
10012,2019,12,61.4,
10012,2020,1,200.6,
10012,2020,2,202.6,
10012,2020,3,35.3,
10012,2020,4,104.2,
10012,2020,5,4.0,
10012,2020,6,5.0,
10017,2018,1,419.0,
10017,2018,2,134.5,
10017,2018,3,38.0,
10017,2018,4,27.7,
10017,2018,5,30.6,
10017,2018,6,4.0,
10017,2018,7,10.9,
10017,2018,8,1.0,
10017,2018,9,12.3,
10017,2018,10,67.5,
10017,2018,11,86.8,
10017,2018,12,214.4,
10017,2019,1,172.6,
10017,2019,2,91.1,
10017,2019,3,201.1,
10017,2019,4,137.5,
10017,2019,5,33.0,
10017,2019,6,14.0,
10017,2019,7,0.2,
10017,2019,8,0.0,
10017,2019,9,4.0,
10017,2019,10,16.0,
10017,2019,11,152.9,
10017,2019,12,52.0,
10017,2020,1,294.0,
10017,2020,2,209.3,
10017,2020,3,79.5,
10017,2020,4,34.5,
10017,2020,5,0.0,
10017,2020,6,3.8,
10044,2018,1,103.0,
10044,2018,2,57.9,
10044,2018,3,5.8,
10044,2018,4,3.5,
10044,2018,5,29.6,
10044,2018,6,0.0,
10044,2018,7,5.9,
10044,2018,8,0.0,
10044,2018,9,8.0,
10044,2018,10,35.0,
10044,2018,11,72.5,
10044,2018,12,120.0,
10044,2019,1,164.7,
10044,2019,2,101.1,
10044,2019,3,112.8,
10044,2019,4,51.0,
10044,2019,5,7.7,
10044,2019,6,0.9,
10044,2019,7,2.3,
10044,2019,8,0.0,
10044,2019,9,13.0,
10044,2019,10,12.0,
10044,2019,11,29.0,
10044,2019,12,66.7,
10044,2020,1,103.1,
10044,2020,2,40.0,
10044,2020,3,69.2,
10044,2020,4,21.9,
10044,2020,5,1.0,
10044,2020,6,2.2,
10062,2018,1,97.1,
10062,2018,2,39.0,
10062,2018,3,12.0,
10062,2018,4,61.5,
10062,2018,5,13.5,
10062,2018,6,0.0,
10062,2018,7,6.2,
10062,2018,8,2.0,
10062,2018,9,13.1,
10062,2018,10,214.0,
10062,2018,11,117.0,
10062,2018,12,68.0,
10062,2019,1,391.2,
10062,2019,2,13.2,
10062,2019,3,77.8,
10062,2019,4,83.4,
10062,2019,5,9.0,
10062,2019,6,3.1,
10062,2019,7,1.1,
10062,2019,8,0.0,
10062,2019,9,0.0,
10062,2019,10,17.0,
10062,2019,11,90.7,
10062,2019,12,57.6,
10062,2020,1,94.0,
10062,2020,2,151.2,
10062,2020,3,89.7,
10062,2020,4,28.5,
10062,2020,5,8.0,
10062,2020,6,1.6,
10065,2018,1,105.0,
10065,2018,2,36.0,
10065,2018,3,7.5,
10065,2018,4,0.6,
10065,2018,5,1.0,
10065,2018,6,1.5,
10065,2018,7,0.6,
10065,2018,8,0.0,
10065,2018,9,0.0,
10065,2018,10,0.0,
10065,2018,11,46.0,
10065,2018,12,7.6,
10065,2019,1,73.5,
10065,2019,2,23.0,
10065,2019,3,12.0,
10065,2019,4,101.0,
10065,2019,5,0.4,
10065,2019,6,0.2,
10065,2019,7,0.0,
10065,2019,8,0.0,
10065,2019,9,0.0,
10065,2019,10,11.5,
10065,2019,11,0.1,
10065,2019,12,20.5,
10065,2020,1,69.0,
10065,2020,2,24.0,Mes incompleto
10065,2020,3,25.0,
10065,2020,4,0.0,Mes incompleto
10065,2020,5,0.0,
10065,2020,6,0.2,
10077,2018,1,125.6,
10077,2018,2,45.2,
10077,2018,3,41.0,
10077,2018,4,19.0,
10077,2018,5,6.6,
10077,2018,6,0.0,
10077,2018,7,16.6,
10077,2018,8,0.5,
10077,2018,9,9.6,
10077,2018,10,31.7,
10077,2018,11,20.0,
10077,2018,12,74.1,
10077,2019,1,137.6,
10077,2019,2,17.0,
10077,2019,3,118.8,
10077,2019,4,70.9,
10077,2019,5,6.0,
10077,2019,6,0.0,
10077,2019,7,2.0,
10077,2019,8,0.0,
10077,2019,9,13.0,
10077,2019,10,66.0,
10077,2019,11,51.7,
10077,2019,12,39.0,
10077,2020,1,74.3,
10077,2020,2,89.0,
10077,2020,3,33.0,
10077,2020,4,3.2,
10077,2020,5,2.0,
10077,2020,6,0.5,
10081,2018,1,26.0,
10081,2018,2,8.1,
10081,2018,3,6.3,
10081,2018,4,114.0,
10081,2018,5,112.0,
10081,2018,6,6.0,
10081,2018,7,7.8,
10081,2018,8,19.0,
10081,2018,9,45.2,
10081,2018,10,111.0,
10081,2018,11,164.0,
10081,2018,12,108.0,
10081,2019,1,275.0,
10081,2019,2,43.0,
10081,2019,3,173.1,
10081,2019,4,154.3,
10081,2019,5,66.7,
10081,2019,6,11.5,
10081,2019,7,25.8,
10081,2019,8,7.0,
10081,2019,9,39.0,
10081,2019,10,34.0,
10081,2019,11,85.2,
10081,2019,12,124.7,
10081,2020,1,98.0,
10081,2020,2,128.7,
10081,2020,3,76.5,
10081,2020,4,55.1,
10081,2020,5,9.0,
10081,2020,6,43.0,
10086,2018,1,30.0,
10086,2018,2,19.5,
10086,2018,3,0.0,
10086,2018,4,0.0,
10086,2018,5,0.7,
10086,2018,6,0.1,
10086,2018,7,9.0,
10086,2018,8,0.0,Mes incompleto
10086,2018,9,3.0,
10086,2018,10,0.0,Mes incompleto
10086,2018,11,,Mes faltante
10086,2018,12,,Mes faltante
10086,2019,1,11.5,Mes incompleto
10086,2019,2,18.5,
10086,2019,3,5.5,Mes incompleto
10086,2019,4,2.0,
10086,2019,5,1.5,
10086,2019,6,0.0,
10086,2019,7,0.0,
10086,2019,8,0.0,
10086,2019,9,0.3,
10086,2019,10,0.0,Mes incompleto
10086,2019,11,0.0,
10086,2019,12,11.0,Mes incompleto
10086,2020,1,58.5,
10086,2020,2,17.5,
10086,2020,3,26.6,
10086,2020,4,3.0,
10086,2020,5,5.9,
10086,2020,6,8.0,
10087,2018,1,26.5,
10087,2018,2,15.9,
10087,2018,3,223.8,
10087,2018,4,198.4,
10087,2018,5,230.2,
10087,2018,6,30.8,
10087,2018,7,122.8,
10087,2018,8,58.8,
10087,2018,9,129.3,
10087,2018,10,37.7,
10087,2018,11,136.9,
10087,2018,12,221.3,
10087,2019,1,644.0,
10087,2019,2,139.0,
10087,2019,3,120.3,
10087,2019,4,202.0,
10087,2019,5,179.7,
10087,2019,6,39.2,
10087,2019,7,77.2,
10087,2019,8,58.1,
10087,2019,9,40.9,
10087,2019,10,156.7,
10087,2019,11,212.1,
10087,2019,12,181.3,
10087,2020,1,96.3,
10087,2020,2,171.0,
10087,2020,3,89.2,
10087,2020,4,70.0,
10087,2020,5,151.0,
10087,2020,6,54.4,
10100,2018,1,56.3,
10100,2018,2,70.8,
10100,2018,3,3.0,
10100,2018,4,20.9,
10100,2018,5,127.6,
10100,2018,6,0.0,
10100,2018,7,0.2,
10100,2018,8,2.8,
10100,2018,9,18.4,
10100,2018,10,52.3,
10100,2018,11,131.0,
10100,2018,12,122.2,
10100,2019,1,242.3,
10100,2019,2,40.4,
10100,2019,3,136.1,
10100,2019,4,56.7,
10100,2019,5,26.8,
10100,2019,6,8.0,
10100,2019,7,1.1,
10100,2019,8,0.0,
10100,2019,9,7.0,
10100,2019,10,54.2,
10100,2019,11,113.1,
10100,2019,12,235.0,
10100,2020,1,60.0,
10100,2020,2,246.8,
10100,2020,3,100.0,
10100,2020,4,29.5,
10100,2020,5,0.0,
10100,2020,6,0.0,
10105,2018,1,79.6,
10105,2018,2,114.5,
10105,2018,3,3.2,
10105,2018,4,22.7,
10105,2018,5,120.0,
10105,2018,6,0.0,
10105,2018,7,0.0,
10105,2018,8,3.0,
10105,2018,9,37.8,
10105,2018,10,82.3,
10105,2018,11,142.0,
10105,2018,12,119.6,
10105,2019,1,235.2,
10105,2019,2,28.1,
10105,2019,3,163.5,
10105,2019,4,86.5,
10105,2019,5,28.2,
10105,2019,6,8.2,
10105,2019,7,2.4,
10105,2019,8,0.0,
10105,2019,9,6.0,
10105,2019,10,53.7,
10105,2019,11,86.0,
10105,2019,12,192.0,
10105,2020,1,48.5,
10105,2020,2,134.0,
10105,2020,3,68.2,
10105,2020,4,35.5,
10105,2020,5,0.0,
10105,2020,6,0.0,
10111,2018,1,134.0,
10111,2018,2,52.0,
10111,2018,3,10.9,
10111,2018,4,16.4,
10111,2018,5,92.1,
10111,2018,6,0.0,
10111,2018,7,0.0,
10111,2018,8,0.4,
10111,2018,9,33.0,
10111,2018,10,52.4,
10111,2018,11,93.5,
10111,2018,12,45.1,
10111,2019,1,185.0,
10111,2019,2,93.9,
10111,2019,3,147.5,
10111,2019,4,67.3,
10111,2019,5,15.5,
10111,2019,6,4.8,
10111,2019,7,0.8,
10111,2019,8,0.0,
10111,2019,9,4.3,
10111,2019,10,37.8,
10111,2019,11,107.7,
10111,2019,12,126.4,
10111,2020,1,15.9,
10111,2020,2,152.1,
10111,2020,3,65.1,
10111,2020,4,21.6,
10111,2020,5,0.0,
10111,2020,6,0.0,
10113,2018,1,37.0,
10113,2018,2,10.8,
10113,2018,3,23.6,
10113,2018,4,189.1,
10113,2018,5,189.9,
10113,2018,6,7.0,
10113,2018,7,38.8,
10113,2018,8,46.8,
10113,2018,9,28.0,
10113,2018,10,83.2,
10113,2018,11,306.5,
10113,2018,12,99.7,
10113,2019,1,296.0,
10113,2019,2,146.8,
10113,2019,3,149.2,
10113,2019,4,79.8,
10113,2019,5,72.9,
10113,2019,6,52.0,
10113,2019,7,44.6,
10113,2019,8,23.0,
10113,2019,9,56.2,
10113,2019,10,86.7,
10113,2019,11,63.5,
10113,2019,12,208.0,
10113,2020,1,153.5,
10113,2020,2,33.0,
10113,2020,3,94.0,
10113,2020,4,79.0,
10113,2020,5,46.5,
10113,2020,6,33.3,
10117,2018,1,117.3,
10117,2018,2,91.6,
10117,2018,3,48.3,
10117,2018,4,31.5,
10117,2018,5,70.3,
10117,2018,6,4.0,
10117,2018,7,0.7,
10117,2018,8,4.4,
10117,2018,9,23.0,
10117,2018,10,62.1,
10117,2018,11,126.2,
10117,2018,12,47.7,
10117,2019,1,157.4,
10117,2019,2,56.2,
10117,2019,3,126.4,
10117,2019,4,103.0,
10117,2019,5,11.7,
10117,2019,6,2.8,
10117,2019,7,0.0,
10117,2019,8,0.0,
10117,2019,9,6.1,
10117,2019,10,13.3,
10117,2019,11,96.6,
10117,2019,12,69.4,
10117,2020,1,46.3,
10117,2020,2,207.2,
10117,2020,3,83.9,
10117,2020,4,16.9,
10117,2020,5,0.0,
10117,2020,6,0.0,
10131,2018,1,47.4,
10131,2018,2,50.8,
10131,2018,3,0.6,
10131,2018,4,18.0,
10131,2018,5,6.1,
10131,2018,6,0.0,
10131,2018,7,4.7,
10131,2018,8,0.2,
10131,2018,9,3.0,
10131,2018,10,6.4,
10131,2018,11,13.9,
10131,2018,12,23.1,
10131,2019,1,64.6,
10131,2019,2,17.5,
10131,2019,3,21.5,
10131,2019,4,11.9,
10131,2019,5,15.8,
10131,2019,6,0.0,
10131,2019,7,0.0,
10131,2019,8,0.0,
10131,2019,9,6.0,
10131,2019,10,0.0,
10131,2019,11,20.4,
10131,2019,12,2.0,
10131,2020,1,27.0,
10131,2020,2,67.7,
10131,2020,3,13.5,
10131,2020,4,10.0,
10131,2020,5,0.9,
10131,2020,6,4.0,
10132,2018,1,32.5,
10132,2018,2,19.0,
10132,2018,3,3.6,
10132,2018,4,23.0,
10132,2018,5,9.4,
10132,2018,6,2.2,
10132,2018,7,15.3,
10132,2018,8,1.9,
10132,2018,9,3.0,
10132,2018,10,30.8,
10132,2018,11,30.0,
10132,2018,12,42.5,
10132,2019,1,64.9,
10132,2019,2,13.0,
10132,2019,3,42.0,
10132,2019,4,39.3,
10132,2019,5,11.9,
10132,2019,6,5.3,
10132,2019,7,0.0,
10132,2019,8,0.3,
10132,2019,9,10.0,
10132,2019,10,1.6,
10132,2019,11,34.0,
10132,2019,12,4.9,
10132,2020,1,37.3,
10132,2020,2,78.0,
10132,2020,3,18.0,
10132,2020,4,24.4,
10132,2020,5,5.9,
10132,2020,6,10.0,
10133,2018,1,20.9,
10133,2018,2,4.7,
10133,2018,3,28.8,
10133,2018,4,190.8,
10133,2018,5,155.7,
10133,2018,6,4.3,
10133,2018,7,14.6,
10133,2018,8,22.6,
10133,2018,9,21.5,
10133,2018,10,131.8,
10133,2018,11,233.8,
10133,2018,12,168.8,
10133,2019,1,240.2,
10133,2019,2,107.0,
10133,2019,3,101.0,
10133,2019,4,83.3,
10133,2019,5,46.8,
10133,2019,6,39.0,
10133,2019,7,33.0,
10133,2019,8,3.0,
10133,2019,9,40.0,
10133,2019,10,61.0,
10133,2019,11,88.5,
10133,2019,12,134.1,
10133,2020,1,76.4,
10133,2020,2,68.3,
10133,2020,3,85.8,
10133,2020,4,128.0,
10133,2020,5,0.0,
10133,2020,6,13.4,
10134,2018,1,113.0,
10134,2018,2,37.3,
10134,2018,3,36.0,
10134,2018,4,227.0,
10134,2018,5,141.0,
10134,2018,6,6.6,
10134,2018,7,82.2,
10134,2018,8,93.3,
10134,2018,9,119.2,
10134,2018,10,80.4,
10134,2018,11,132.5,
10134,2018,12,369.3,
10134,2019,1,344.8,
10134,2019,2,88.2,
10134,2019,3,115.7,
10134,2019,4,41.0,
10134,2019,5,79.8,
10134,2019,6,159.3,
10134,2019,7,43.3,
10134,2019,8,28.0,
10134,2019,9,77.0,
10134,2019,10,113.9,
10134,2019,11,127.2,
10134,2019,12,166.1,
10134,2020,1,92.2,
10134,2020,2,45.0,
10134,2020,3,78.0,
10134,2020,4,129.0,
10134,2020,5,9.0,
10134,2020,6,52.5,
10138,2018,1,54.3,
10138,2018,2,29.4,
10138,2018,3,11.0,
10138,2018,4,64.8,
10138,2018,5,66.9,
10138,2018,6,4.0,
10138,2018,7,2.0,
10138,2018,8,0.0,
10138,2018,9,66.8,
10138,2018,10,80.4,
10138,2018,11,193.0,
10138,2018,12,79.1,
10138,2019,1,186.1,
10138,2019,2,21.2,
10138,2019,3,331.7,
10138,2019,4,62.5,
10138,2019,5,41.6,
10138,2019,6,7.2,
10138,2019,7,0.0,
10138,2019,8,0.0,
10138,2019,9,15.3,
10138,2019,10,39.0,
10138,2019,11,209.6,
10138,2019,12,144.1,
10138,2020,1,90.1,
10138,2020,2,99.0,
10138,2020,3,93.9,
10138,2020,4,13.0,
10138,2020,5,0.0,
10138,2020,6,0.7,
10139,2018,1,78.3,
10139,2018,2,80.3,
10139,2018,3,82.0,
10139,2018,4,44.5,
10139,2018,5,44.0,
10139,2018,6,4.4,
10139,2018,7,4.0,
10139,2018,8,2.4,
10139,2018,9,11.2,
10139,2018,10,47.0,
10139,2018,11,133.0,
10139,2018,12,42.2,
10139,2019,1,64.0,
10139,2019,2,35.6,
10139,2019,3,61.4,
10139,2019,4,44.0,
10139,2019,5,19.7,
10139,2019,6,9.0,
10139,2019,7,0.0,
10139,2019,8,0.0,
10139,2019,9,10.0,
10139,2019,10,17.9,
10139,2019,11,91.4,
10139,2019,12,70.0,
10139,2020,1,84.0,
10139,2020,2,83.2,
10139,2020,3,23.3,
10139,2020,4,23.2,
10139,2020,5,0.0,
10139,2020,6,0.9,
10148,2018,1,143.4,
10148,2018,2,16.7,
10148,2018,3,78.0,
10148,2018,4,94.3,
10148,2018,5,63.2,
10148,2018,6,20.1,
10148,2018,7,28.0,
10148,2018,8,5.0,
10148,2018,9,46.3,
10148,2018,10,69.3,
10148,2018,11,78.2,
10148,2018,12,118.0,
10148,2019,1,173.2,
10148,2019,2,4.0,
10148,2019,3,80.3,
10148,2019,4,56.0,
10148,2019,5,30.5,
10148,2019,6,23.9,
10148,2019,7,0.3,
10148,2019,8,0.1,
10148,2019,9,10.2,
10148,2019,10,88.2,
10148,2019,11,48.5,
10148,2019,12,154.8,
10148,2020,1,209.1,
10148,2020,2,207.0,
10148,2020,3,217.1,
10148,2020,4,53.3,
10148,2020,5,0.0,
10148,2020,6,0.1,
10156,2018,1,39.8,
10156,2018,2,49.3,
10156,2018,3,70.1,
10156,2018,4,262.5,
10156,2018,5,217.6,
10156,2018,6,6.6,
10156,2018,7,125.3,
10156,2018,8,54.3,
10156,2018,9,111.7,
10156,2018,10,32.0,
10156,2018,11,189.5,
10156,2018,12,314.2,
10156,2019,1,134.8,
10156,2019,2,47.4,
10156,2019,3,104.0,
10156,2019,4,51.2,
10156,2019,5,75.5,
10156,2019,6,179.4,
10156,2019,7,75.5,
10156,2019,8,49.0,
10156,2019,9,68.9,
10156,2019,10,185.4,
10156,2019,11,94.0,
10156,2019,12,142.7,
10156,2020,1,52.8,
10156,2020,2,66.2,
10156,2020,3,158.3,
10156,2020,4,87.2,
10156,2020,5,22.6,
10156,2020,6,89.2,
10159,2018,1,24.5,
10159,2018,2,58.5,
10159,2018,3,71.0,
10159,2018,4,205.0,
10159,2018,5,189.7,
10159,2018,6,8.4,
10159,2018,7,77.5,
10159,2018,8,39.2,
10159,2018,9,99.5,
10159,2018,10,31.5,
10159,2018,11,179.0,
10159,2018,12,204.0,
10159,2019,1,133.5,
10159,2019,2,37.7,
10159,2019,3,95.5,
10159,2019,4,27.0,
10159,2019,5,78.2,
10159,2019,6,159.0,
10159,2019,7,57.1,
10159,2019,8,35.0,
10159,2019,9,43.7,
10159,2019,10,157.9,
10159,2019,11,61.3,
10159,2019,12,136.2,
10159,2020,1,46.2,
10159,2020,2,67.6,
10159,2020,3,149.5,
10159,2020,4,117.2,
10159,2020,5,8.0,
10159,2020,6,71.7,
10166,2018,1,22.7,
10166,2018,2,28.0,
10166,2018,3,85.6,
10166,2018,4,195.2,
10166,2018,5,139.9,
10166,2018,6,5.5,
10166,2018,7,69.3,
10166,2018,8,51.0,
10166,2018,9,152.0,
10166,2018,10,13.7,
10166,2018,11,213.5,
10166,2018,12,205.9,
10166,2019,1,74.1,
10166,2019,2,38.9,
10166,2019,3,148.0,
10166,2019,4,23.0,
10166,2019,5,62.1,
10166,2019,6,125.6,
10166,2019,7,94.0,
10166,2019,8,16.3,
10166,2019,9,50.7,
10166,2019,10,199.4,
10166,2019,11,30.0,
10166,2019,12,105.0,
10166,2020,1,114.5,
10166,2020,2,104.0,
10166,2020,3,110.0,
10166,2020,4,133.6,
10166,2020,5,7.3,
10166,2020,6,68.7,
10170,2018,1,143.0,
10170,2018,2,51.0,
10170,2018,3,98.0,
10170,2018,4,174.0,
10170,2018,5,220.2,
10170,2018,6,8.0,
10170,2018,7,138.4,
10170,2018,8,50.0,
10170,2018,9,130.0,
10170,2018,10,7.0,
10170,2018,11,165.8,
10170,2018,12,185.0,
10170,2019,1,77.2,
10170,2019,2,155.8,
10170,2019,3,80.1,
10170,2019,4,45.0,
10170,2019,5,46.9,
10170,2019,6,160.0,
10170,2019,7,136.0,
10170,2019,8,36.0,
10170,2019,9,61.7,
10170,2019,10,136.0,
10170,2019,11,25.6,
10170,2019,12,90.7,
10170,2020,1,47.9,
10170,2020,2,74.0,
10170,2020,3,132.2,
10170,2020,4,108.1,
10170,2020,5,16.0,
10170,2020,6,103.1,
10177,2018,1,156.0,
10177,2018,2,43.0,
10177,2018,3,99.5,
10177,2018,4,143.7,
10177,2018,5,171.5,
10177,2018,6,11.0,
10177,2018,7,159.5,
10177,2018,8,78.5,
10177,2018,9,159.0,
10177,2018,10,18.0,
10177,2018,11,141.6,
10177,2018,12,186.0,
10177,2019,1,145.0,
10177,2019,2,89.0,
10177,2019,3,75.0,
10177,2019,4,54.0,
10177,2019,5,73.0,
10177,2019,6,115.0,
10177,2019,7,84.0,
10177,2019,8,29.0,
10177,2019,9,66.0,
10177,2019,10,122.1,
10177,2019,11,51.5,
10177,2019,12,90.5,
10177,2020,1,54.0,
10177,2020,2,38.0,
10177,2020,3,127.5,
10177,2020,4,111.7,
10177,2020,5,15.8,
10177,2020,6,83.1,
10178,2018,1,47.4,
10178,2018,2,32.0,
10178,2018,3,44.4,
10178,2018,4,174.7,
10178,2018,5,102.6,
10178,2018,6,29.7,
10178,2018,7,53.1,
10178,2018,8,49.4,
10178,2018,9,149.1,
10178,2018,10,50.5,
10178,2018,11,94.8,
10178,2018,12,145.9,
10178,2019,1,325.3,
10178,2019,2,23.0,
10178,2019,3,142.0,
10178,2019,4,55.5,
10178,2019,5,81.3,
10178,2019,6,55.5,
10178,2019,7,4.4,
10178,2019,8,0.2,
10178,2019,9,2.3,
10178,2019,10,98.3,
10178,2019,11,90.8,
10178,2019,12,136.4,
10178,2020,1,112.0,
10178,2020,2,56.9,
10178,2020,3,262.3,
10178,2020,4,83.8,
10178,2020,5,5.0,
10178,2020,6,38.6,
10179,2018,1,32.0,
10179,2018,2,53.9,
10179,2018,3,0.0,
10179,2018,4,0.0,
10179,2018,5,19.0,
10179,2018,6,11.2,
10179,2018,7,17.5,
10179,2018,8,6.8,
10179,2018,9,12.3,
10179,2018,10,35.0,
10179,2018,11,21.0,
10179,2018,12,25.2,
10179,2019,1,6.3,
10179,2019,2,8.2,
10179,2019,3,14.1,
10179,2019,4,7.0,
10179,2019,5,26.2,
10179,2019,6,21.0,
10179,2019,7,0.2,
10179,2019,8,8.0,
10179,2019,9,6.6,
10179,2019,10,3.6,
10179,2019,11,15.4,
10179,2019,12,1.7,
10179,2020,1,34.4,
10179,2020,2,27.5,
10179,2020,3,9.4,
10179,2020,4,0.0,
10179,2020,5,12.3,
10179,2020,6,41.3,
10190,2018,1,95.7,
10190,2018,2,64.4,
10190,2018,3,107.8,
10190,2018,4,123.6,
10190,2018,5,189.1,
10190,2018,6,17.0,
10190,2018,7,95.2,
10190,2018,8,82.2,
10190,2018,9,137.2,
10190,2018,10,40.0,
10190,2018,11,74.4,
10190,2018,12,125.0,
10190,2019,1,196.2,
10190,2019,2,27.0,
10190,2019,3,60.8,
10190,2019,4,87.2,
10190,2019,5,62.2,
10190,2019,6,163.0,
10190,2019,7,17.0,
10190,2019,8,23.0,
10190,2019,9,19.0,
10190,2019,10,92.5,
10190,2019,11,84.4,
10190,2019,12,131.6,
10190,2020,1,42.0,
10190,2020,2,195.6,
10190,2020,3,192.0,
10190,2020,4,95.0,
10190,2020,5,8.0,
10190,2020,6,111.0,
10192,2018,1,27.0,
10192,2018,2,16.5,
10192,2018,3,23.0,
10192,2018,4,20.3,
10192,2018,5,34.9,
10192,2018,6,8.3,
10192,2018,7,44.2,
10192,2018,8,14.4,
10192,2018,9,56.4,
10192,2018,10,40.3,
10192,2018,11,90.8,
10192,2018,12,134.2,
10192,2019,1,100.7,
10192,2019,2,44.3,
10192,2019,3,36.4,
10192,2019,4,9.9,
10192,2019,5,66.0,
10192,2019,6,27.6,
10192,2019,7,0.0,
10192,2019,8,3.0,
10192,2019,9,4.0,
10192,2019,10,17.5,
10192,2019,11,85.7,
10192,2019,12,37.0,
10192,2020,1,89.7,
10192,2020,2,47.5,
10192,2020,3,91.3,
10192,2020,4,104.8,
10192,2020,5,1.0,
10192,2020,6,10.0,
10204,2018,1,48.9,
10204,2018,2,42.3,
10204,2018,3,30.7,
10204,2018,4,72.2,
10204,2018,5,57.7,
10204,2018,6,0.9,
10204,2018,7,36.0,
10204,2018,8,13.2,
10204,2018,9,99.5,
10204,2018,10,42.1,
10204,2018,11,119.3,
10204,2018,12,113.8,
10204,2019,1,96.2,
10204,2019,2,79.4,
10204,2019,3,90.0,
10204,2019,4,16.0,
10204,2019,5,52.5,
10204,2019,6,40.1,
10204,2019,7,0.0,
10204,2019,8,0.5,
10204,2019,9,9.8,
10204,2019,10,53.8,
10204,2019,11,68.4,
10204,2019,12,34.4,
10204,2020,1,86.6,
10204,2020,2,80.0,
10204,2020,3,103.2,
10204,2020,4,108.2,
10204,2020,5,10.5,
10204,2020,6,58.8,
10206,2018,1,71.0,
10206,2018,2,33.8,
10206,2018,3,23.7,
10206,2018,4,73.7,
10206,2018,5,93.1,
10206,2018,6,4.7,
10206,2018,7,29.3,
10206,2018,8,15.2,
10206,2018,9,78.1,
10206,2018,10,78.4,
10206,2018,11,184.8,
10206,2018,12,114.5,
10206,2019,1,80.0,
10206,2019,2,33.0,
10206,2019,3,121.0,
10206,2019,4,30.0,
10206,2019,5,42.9,
10206,2019,6,64.0,
10206,2019,7,0.7,
10206,2019,8,8.5,
10206,2019,9,9.0,
10206,2019,10,47.0,
10206,2019,11,81.5,
10206,2019,12,22.7,
10206,2020,1,94.5,
10206,2020,2,71.2,
10206,2020,3,113.0,
10206,2020,4,118.0,
10206,2020,5,13.2,
10206,2020,6,36.7,
10210,2018,1,88.6,
10210,2018,2,34.0,
10210,2018,3,122.5,
10210,2018,4,158.9,
10210,2018,5,68.8,
10210,2018,6,17.0,
10210,2018,7,43.7,
10210,2018,8,34.2,
10210,2018,9,89.1,
10210,2018,10,32.8,
10210,2018,11,141.4,
10210,2018,12,90.2,
10210,2019,1,65.2,
10210,2019,2,117.8,
10210,2019,3,188.7,
10210,2019,4,52.9,
10210,2019,5,22.6,
10210,2019,6,136.0,
10210,2019,7,46.2,
10210,2019,8,8.6,
10210,2019,9,28.7,
10210,2019,10,58.6,
10210,2019,11,41.2,
10210,2019,12,59.8,
10210,2020,1,34.5,
10210,2020,2,183.1,
10210,2020,3,107.0,
10210,2020,4,148.6,
10210,2020,5,66.3,
10210,2020,6,46.5,
10221,2018,1,76.4,
10221,2018,2,30.0,
10221,2018,3,52.0,
10221,2018,4,54.1,
10221,2018,5,42.5,
10221,2018,6,9.5,
10221,2018,7,63.0,
10221,2018,8,14.0,
10221,2018,9,30.7,
10221,2018,10,71.2,
10221,2018,11,123.0,
10221,2018,12,36.4,
10221,2019,1,15.2,
10221,2019,2,3.5,
10221,2019,3,56.0,
10221,2019,4,9.8,
10221,2019,5,47.9,
10221,2019,6,35.4,
10221,2019,7,0.1,
10221,2019,8,3.4,
10221,2019,9,16.4,
10221,2019,10,71.2,
10221,2019,11,33.0,
10221,2019,12,19.4,
10221,2020,1,89.1,
10221,2020,2,17.4,
10221,2020,3,68.6,
10221,2020,4,83.0,
10221,2020,5,11.8,
10221,2020,6,40.4,
10227,2018,1,9.0,
10227,2018,2,23.6,
10227,2018,3,3.0,
10227,2018,4,0.0,
10227,2018,5,25.0,
10227,2018,6,14.0,
10227,2018,7,65.1,
10227,2018,8,0.8,
10227,2018,9,47.0,
10227,2018,10,38.7,
10227,2018,11,46.3,
10227,2018,12,13.0,
10227,2019,1,0.0,
10227,2019,2,7.7,
10227,2019,3,0.0,
10227,2019,4,9.0,
10227,2019,5,18.4,
10227,2019,6,18.7,
10227,2019,7,7.2,
10227,2019,8,8.8,
10227,2019,9,11.0,
10227,2019,10,12.2,
10227,2019,11,19.0,
10227,2019,12,0.0,
10227,2020,1,12.0,
10227,2020,2,5.0,
10227,2020,3,4.0,
10227,2020,4,1.0,
10227,2020,5,60.0,
10227,2020,6,19.6,
10248,2018,1,20.5,
10248,2018,2,12.4,
10248,2018,3,14.3,
10248,2018,4,0.7,
10248,2018,5,8.0,
10248,2018,6,15.5,
10248,2018,7,44.4,
10248,2018,8,1.6,
10248,2018,9,17.5,
10248,2018,10,57.3,
10248,2018,11,41.2,
10248,2018,12,6.1,
10248,2019,1,1.2,
10248,2019,2,1.0,
10248,2019,3,7.6,
10248,2019,4,7.0,
10248,2019,5,30.7,
10248,2019,6,24.7,
10248,2019,7,11.1,
10248,2019,8,18.7,
10248,2019,9,15.4,
10248,2019,10,8.2,
10248,2019,11,15.4,
10248,2019,12,2.0,
10248,2020,1,3.8,
10248,2020,2,2.3,
10248,2020,3,1.4,
10248,2020,4,2.4,
10248,2020,5,27.2,
10248,2020,6,28.3,
10258,2018,1,1.7,
10258,2018,2,16.5,
10258,2018,3,9.5,
10258,2018,4,0.1,
10258,2018,5,13.2,
10258,2018,6,16.2,
10258,2018,7,19.0,
10258,2018,8,4.0,
10258,2018,9,11.2,
10258,2018,10,11.3,
10258,2018,11,9.3,
10258,2018,12,14.2,
10258,2019,1,4.0,
10258,2019,2,8.2,
10258,2019,3,63.7,
10258,2019,4,0.3,
10258,2019,5,8.7,
10258,2019,6,61.6,
10258,2019,7,11.8,
10258,2019,8,14.0,
10258,2019,9,7.5,
10258,2019,10,3.1,
10258,2019,11,5.8,
10258,2019,12,5.2,
10258,2020,1,5.2,
10258,2020,2,5.2,
10258,2020,3,0.9,
10258,2020,4,15.1,
10258,2020,5,16.5,
10258,2020,6,33.6,
10270,2018,1,0.6,
10270,2018,2,0.1,
10270,2018,3,18.1,
10270,2018,4,21.0,
10270,2018,5,41.1,
10270,2018,6,3.2,
10270,2018,7,37.7,
10270,2018,8,2.3,
10270,2018,9,33.4,
10270,2018,10,20.8,
10270,2018,11,19.1,
10270,2018,12,5.0,
10270,2019,1,0.8,
10270,2019,2,6.1,
10270,2019,3,42.3,
10270,2019,4,11.0,
10270,2019,5,4.8,
10270,2019,6,39.1,
10270,2019,7,13.2,
10270,2019,8,9.3,
10270,2019,9,4.2,
10270,2019,10,5.3,
10270,2019,11,3.8,
10270,2019,12,55.0,
10270,2020,1,0.1,
10270,2020,2,23.2,
10270,2020,3,4.0,
10270,2020,4,12.8,
10270,2020,5,19.2,
10270,2020,6,37.4,
10285,2018,1,18.9,
10285,2018,2,6.0,
10285,2018,3,2.0,
10285,2018,4,23.3,
10285,2018,5,20.6,
10285,2018,6,13.6,
10285,2018,7,0.1,
10285,2018,8,3.7,
10285,2018,9,37.3,
10285,2018,10,14.1,
10285,2018,11,15.0,
10285,2018,12,0.5,
10285,2019,1,43.5,
10285,2019,2,13.6,
10285,2019,3,19.3,
10285,2019,4,39.3,
10285,2019,5,14.2,
10285,2019,6,12.0,
10285,2019,7,55.6,
10285,2019,8,9.0,
10285,2019,9,25.8,
10285,2019,10,5.8,
10285,2019,11,13.6,
10285,2019,12,19.9,
10285,2020,1,22.9,
10285,2020,2,26.1,
10285,2020,3,9.5,
10285,2020,4,4.8,
10285,2020,5,9.8,
10285,2020,6,29.6,
10293,2018,1,47.6,
10293,2018,2,8.1,
10293,2018,3,21.4,
10293,2018,4,94.8,
10293,2018,5,44.4,
10293,2018,6,31.0,
10293,2018,7,8.4,
10293,2018,8,6.8,
10293,2018,9,29.6,
10293,2018,10,2.9,
10293,2018,11,4.1,
10293,2018,12,13.0,
10293,2019,1,24.3,
10293,2019,2,42.3,
10293,2019,3,63.0,
10293,2019,4,31.3,
10293,2019,5,30.2,
10293,2019,6,13.7,
10293,2019,7,27.7,
10293,2019,8,6.2,
10293,2019,9,23.9,
10293,2019,10,7.5,
10293,2019,11,37.6,
10293,2019,12,33.8,
10293,2020,1,86.9,
10293,2020,2,9.4,
10293,2020,3,31.6,
10293,2020,4,5.9,
10293,2020,5,52.9,
10293,2020,6,26.3,
10296,2018,1,22.9,
10296,2018,2,15.7,
10296,2018,3,20.4,
10296,2018,4,19.5,
10296,2018,5,13.3,
10296,2018,6,7.5,
10296,2018,7,4.0,
10296,2018,8,19.8,
10296,2018,9,11.7,
10296,2018,10,30.9,
10296,2018,11,9.7,
10296,2018,12,18.6,
10296,2019,1,8.3,
10296,2019,2,11.2,
10296,2019,3,42.6,
10296,2019,4,48.7,
10296,2019,5,48.3,
10296,2019,6,32.5,
10296,2019,7,64.3,
10296,2019,8,24.4,
10296,2019,9,12.0,
10296,2019,10,9.0,
10296,2019,11,18.6,
10296,2019,12,57.3,
10296,2020,1,80.2,
10296,2020,2,15.0,
10296,2020,3,24.4,
10296,2020,4,1.3,
10296,2020,5,84.0,
10296,2020,6,12.3,
10298,2018,1,21.9,
10298,2018,2,9.4,
10298,2018,3,30.5,
10298,2018,4,28.9,
10298,2018,5,39.5,
10298,2018,6,72.8,
10298,2018,7,25.5,
10298,2018,8,67.8,
10298,2018,9,36.6,
10298,2018,10,36.1,
10298,2018,11,23.5,
10298,2018,12,24.2,
10298,2019,1,28.3,
10298,2019,2,55.5,
10298,2019,3,44.4,
10298,2019,4,79.8,
10298,2019,5,26.5,
10298,2019,6,38.9,
10298,2019,7,21.1,
10298,2019,8,75.9,
10298,2019,9,56.3,
10298,2019,10,47.9,
10298,2019,11,50.1,
10298,2019,12,39.8,
10298,2020,1,106.1,
10298,2020,2,48.7,
10298,2020,3,40.6,
10298,2020,4,17.4,
10298,2020,5,25.0,
10298,2020,6,32.4,
10303,2018,1,7.0,
10303,2018,2,5.0,
10303,2018,3,11.4,
10303,2018,4,52.2,
10303,2018,5,18.0,
10303,2018,6,60.0,
10303,2018,7,36.0,
10303,2018,8,31.0,
10303,2018,9,40.6,
10303,2018,10,30.0,
10303,2018,11,58.9,
10303,2018,12,4.2,
10303,2019,1,6.0,
10303,2019,2,6.0,
10303,2019,3,6.2,
10303,2019,4,26.0,
10303,2019,5,57.2,
10303,2019,6,106.3,
10303,2019,7,88.5,
10303,2019,8,54.9,
10303,2019,9,13.8,
10303,2019,10,12.8,
10303,2019,11,25.6,
10303,2019,12,3.8,
10303,2020,1,33.0,
10303,2020,2,30.5,
10303,2020,3,14.0,
10303,2020,4,34.6,
10303,2020,5,108.7,
10303,2020,6,57.6,
10309,2018,1,84.5,
10309,2018,2,28.0,
10309,2018,3,233.4,
10309,2018,4,58.5,
10309,2018,5,295.2,
10309,2018,6,7.0,
10309,2018,7,32.1,
10309,2018,8,19.1,
10309,2018,9,99.0,
10309,2018,10,61.0,
10309,2018,11,268.5,
10309,2018,12,215.6,
10309,2019,1,420.5,
10309,2019,2,52.0,
10309,2019,3,110.3,
10309,2019,4,132.9,
10309,2019,5,44.8,
10309,2019,6,17.8,
10309,2019,7,34.8,
10309,2019,8,12.9,
10309,2019,9,9.2,
10309,2019,10,121.9,
10309,2019,11,196.0,
10309,2019,12,184.0,
10309,2020,1,119.0,
10309,2020,2,167.2,
10309,2020,3,48.8,
10309,2020,4,81.7,
10309,2020,5,49.8,
10309,2020,6,25.0,
10311,2018,1,93.7,
10311,2018,2,58.0,
10311,2018,3,25.9,
10311,2018,4,145.2,
10311,2018,5,68.3,
10311,2018,6,21.1,
10311,2018,7,46.6,
10311,2018,8,20.1,
10311,2018,9,96.7,
10311,2018,10,19.7,
10311,2018,11,176.3,
10311,2018,12,114.7,
10311,2019,1,154.8,
10311,2019,2,55.3,
10311,2019,3,79.6,
10311,2019,4,64.0,
10311,2019,5,53.9,
10311,2019,6,155.6,
10311,2019,7,4.0,
10311,2019,8,5.2,
10311,2019,9,14.2,
10311,2019,10,69.0,
10311,2019,11,66.8,
10311,2019,12,60.5,
10311,2020,1,69.0,
10311,2020,2,104.6,
10311,2020,3,121.3,
10311,2020,4,126.1,
10311,2020,5,38.6,
10311,2020,6,60.5,
10323,2018,1,36.2,
10323,2018,2,22.0,
10323,2018,3,65.2,
10323,2018,4,104.5,
10323,2018,5,46.5,
10323,2018,6,172.5,
10323,2018,7,77.9,
10323,2018,8,49.2,
10323,2018,9,108.5,
10323,2018,10,45.8,
10323,2018,11,51.4,
10323,2018,12,2.4,
10323,2019,1,7.0,
10323,2019,2,0.6,
10323,2019,3,14.0,
10323,2019,4,12.5,
10323,2019,5,116.4,
10323,2019,6,183.1,
10323,2019,7,182.6,
10323,2019,8,99.5,
10323,2019,9,17.6,
10323,2019,10,23.8,
10323,2019,11,23.1,
10323,2019,12,0.6,
10323,2020,1,54.0,
10323,2020,2,0.3,
10323,2020,3,4.2,
10323,2020,4,17.5,
10323,2020,5,111.7,
10323,2020,6,150.9,
10325,2018,1,1.8,
10325,2018,2,57.8,
10325,2018,3,7.0,
10325,2018,4,0.0,
10325,2018,5,56.0,
10325,2018,6,3.0,
10325,2018,7,2.0,
10325,2018,8,0.0,
10325,2018,9,7.9,
10325,2018,10,50.0,
10325,2018,11,41.0,
10325,2018,12,24.0,
10325,2019,1,11.8,
10325,2019,2,16.0,
10325,2019,3,33.0,
10325,2019,4,2.5,
10325,2019,5,56.5,
10325,2019,6,10.0,
10325,2019,7,0.0,
10325,2019,8,0.0,
10325,2019,9,0.0,
10325,2019,10,23.7,
10325,2019,11,42.0,
10325,2019,12,1.0,
10325,2020,1,10.5,
10325,2020,2,23.6,
10325,2020,3,36.0,
10325,2020,4,8.0,
10325,2020,5,5.0,
10325,2020,6,19.5,
10326,2018,1,420.5,
10326,2018,2,199.9,
10326,2018,3,141.2,
10326,2018,4,14.4,
10326,2018,5,62.9,
10326,2018,6,0.0,
10326,2018,7,8.8,
10326,2018,8,0.0,
10326,2018,9,13.0,
10326,2018,10,116.2,
10326,2018,11,70.0,
10326,2018,12,203.2,
10326,2019,1,44.9,
10326,2019,2,171.5,
10326,2019,3,235.2,
10326,2019,4,118.8,
10326,2019,5,35.8,
10326,2019,6,10.3,
10326,2019,7,16.4,
10326,2019,8,0.0,
10326,2019,9,0.0,
10326,2019,10,17.8,
10326,2019,11,67.2,
10326,2019,12,95.8,
10326,2020,1,93.4,
10326,2020,2,404.4,
10326,2020,3,73.6,
10326,2020,4,57.6,
10326,2020,5,1.7,
10326,2020,6,0.2,
10332,2018,1,30.8,
10332,2018,2,35.0,
10332,2018,3,91.9,
10332,2018,4,233.9,
10332,2018,5,184.3,
10332,2018,6,13.0,
10332,2018,7,114.3,
10332,2018,8,45.5,
10332,2018,9,128.0,
10332,2018,10,24.5,
10332,2018,11,184.4,
10332,2018,12,284.2,
10332,2019,1,156.7,
10332,2019,2,59.0,
10332,2019,3,94.7,
10332,2019,4,34.1,
10332,2019,5,87.3,
10332,2019,6,204.1,
10332,2019,7,108.0,
10332,2019,8,55.0,
10332,2019,9,49.0,
10332,2019,10,166.0,
10332,2019,11,102.3,
10332,2019,12,131.0,
10332,2020,1,79.5,
10332,2020,2,53.0,
10332,2020,3,166.3,
10332,2020,4,88.6,
10332,2020,5,7.9,
10332,2020,6,64.4,
10334,2018,1,68.1,
10334,2018,2,45.4,
10334,2018,3,21.3,
10334,2018,4,39.0,
10334,2018,5,46.9,
10334,2018,6,15.4,
10334,2018,7,41.5,
10334,2018,8,17.0,
10334,2018,9,47.2,
10334,2018,10,111.5,
10334,2018,11,107.5,
10334,2018,12,199.0,
10334,2019,1,183.6,
10334,2019,2,26.0,
10334,2019,3,36.5,
10334,2019,4,31.2,
10334,2019,5,35.5,
10334,2019,6,23.1,
10334,2019,7,0.0,
10334,2019,8,2.5,
10334,2019,9,13.0,
10334,2019,10,19.4,
10334,2019,11,93.9,
10334,2019,12,150.0,
10334,2020,1,261.0,
10334,2020,2,119.0,
10334,2020,3,281.0,
10334,2020,4,41.5,
10334,2020,5,2.0,
10334,2020,6,15.2,
10335,2018,1,139.2,
10335,2018,2,38.0,
10335,2018,3,0.9,
10335,2018,4,51.6,
10335,2018,5,69.6,
10335,2018,6,7.0,
10335,2018,7,12.7,
10335,2018,8,2.0,
10335,2018,9,27.5,
10335,2018,10,24.4,
10335,2018,11,97.0,
10335,2018,12,92.0,
10335,2019,1,70.5,
10335,2019,2,5.2,
10335,2019,3,175.2,
10335,2019,4,66.0,
10335,2019,5,28.2,
10335,2019,6,21.0,
10335,2019,7,0.0,
10335,2019,8,0.0,
10335,2019,9,20.0,
10335,2019,10,27.0,
10335,2019,11,124.0,
10335,2019,12,29.0,
10335,2020,1,51.0,
10335,2020,2,16.5,
10335,2020,3,134.0,
10335,2020,4,35.0,
10335,2020,5,0.0,
10335,2020,6,7.0,
10339,2018,1,223.4,
10339,2018,2,82.0,
10339,2018,3,95.0,
10339,2018,4,63.2,
10339,2018,5,20.1,
10339,2018,6,0.9,
10339,2018,7,15.6,
10339,2018,8,0.0,
10339,2018,9,15.9,
10339,2018,10,161.8,
10339,2018,11,116.7,
10339,2018,12,150.6,
10339,2019,1,141.9,
10339,2019,2,142.2,
10339,2019,3,147.0,
10339,2019,4,85.8,
10339,2019,5,39.6,
10339,2019,6,9.0,
10339,2019,7,0.0,
10339,2019,8,0.0,
10339,2019,9,0.1,
10339,2019,10,41.9,
10339,2019,11,131.1,
10339,2019,12,156.0,
10339,2020,1,193.1,
10339,2020,2,301.2,
10339,2020,3,46.7,
10339,2020,4,64.0,
10339,2020,5,7.3,
10339,2020,6,0.1,
10346,2018,1,172.0,
10346,2018,2,62.0,
10346,2018,3,194.1,
10346,2018,4,103.5,
10346,2018,5,134.8,
10346,2018,6,54.1,
10346,2018,7,59.2,
10346,2018,8,63.5,
10346,2018,9,122.1,
10346,2018,10,53.0,
10346,2018,11,190.4,
10346,2018,12,213.4,
10346,2019,1,623.9,
10346,2019,2,68.7,
10346,2019,3,103.7,
10346,2019,4,217.5,
10346,2019,5,156.1,
10346,2019,6,14.7,
10346,2019,7,92.4,
10346,2019,8,37.0,
10346,2019,9,21.6,
10346,2019,10,199.7,
10346,2019,11,187.2,
10346,2019,12,56.0,
10346,2020,1,73.6,
10346,2020,2,136.0,
10346,2020,3,81.0,
10346,2020,4,33.2,
10346,2020,5,222.5,
10346,2020,6,75.7,
10353,2018,1,354.0,
10353,2018,2,180.8,
10353,2018,3,396.5,
10353,2018,4,16.2,
10353,2018,5,74.4,
10353,2018,6,64.5,
10353,2018,7,20.0,
10353,2018,8,78.7,
10353,2018,9,219.0,
10353,2018,10,343.6,
10353,2018,11,119.3,
10353,2018,12,31.5,
10353,2019,1,87.2,
10353,2019,2,143.0,
10353,2019,3,280.1,
10353,2019,4,251.5,
10353,2019,5,187.0,
10353,2019,6,38.0,
10353,2019,7,29.2,
10353,2019,8,12.7,
10353,2019,9,30.0,
10353,2019,10,156.2,
10353,2019,11,110.4,
10353,2019,12,181.5,
10353,2020,1,320.5,
10353,2020,2,125.8,
10353,2020,3,86.0,
10353,2020,4,58.2,
10353,2020,5,167.0,
10353,2020,6,122.0,
10362,2018,1,357.6,
10362,2018,2,46.9,
10362,2018,3,242.5,
10362,2018,4,0.0,
10362,2018,5,142.0,
10362,2018,6,59.0,
10362,2018,7,27.2,
10362,2018,8,57.2,
10362,2018,9,140.8,
10362,2018,10,379.2,
10362,2018,11,251.5,
10362,2018,12,127.6,
10362,2019,1,154.5,
10362,2019,2,204.0,
10362,2019,3,382.3,
10362,2019,4,201.0,
10362,2019,5,353.5,
10362,2019,6,13.0,
10362,2019,7,143.0,
10362,2019,8,89.0,
10362,2019,9,12.0,
10362,2019,10,153.3,
10362,2019,11,256.0,
10362,2019,12,153.0,
10362,2020,1,251.7,
10362,2020,2,169.0,
10362,2020,3,47.8,
10362,2020,4,140.0,
10362,2020,5,103.7,
10362,2020,6,133.7,
10369,2018,1,21.7,
10369,2018,2,0.7,
10369,2018,3,31.5,
10369,2018,4,177.9,
10369,2018,5,127.9,
10369,2018,6,0.0,
10369,2018,7,4.6,
10369,2018,8,10.0,
10369,2018,9,14.0,
10369,2018,10,110.2,
10369,2018,11,265.5,
10369,2018,12,122.4,
10369,2019,1,190.0,
10369,2019,2,64.0,
10369,2019,3,145.0,
10369,2019,4,91.0,
10369,2019,5,46.3,
10369,2019,6,19.0,
10369,2019,7,16.4,
10369,2019,8,0.0,
10369,2019,9,12.0,
10369,2019,10,83.3,
10369,2019,11,116.9,
10369,2019,12,160.0,
10369,2020,1,163.4,
10369,2020,2,161.0,
10369,2020,3,99.0,
10369,2020,4,97.0,
10369,2020,5,0.0,
10369,2020,6,0.4,
10370,2018,1,51.0,
10370,2018,2,18.9,
10370,2018,3,2.5,
10370,2018,4,0.0,
10370,2018,5,12.6,
10370,2018,6,0.5,
10370,2018,7,0.5,
10370,2018,8,0.0,
10370,2018,9,1.2,
10370,2018,10,7.2,
10370,2018,11,33.8,
10370,2018,12,28.8,
10370,2019,1,56.6,
10370,2019,2,31.8,
10370,2019,3,73.7,
10370,2019,4,17.8,
10370,2019,5,29.0,
10370,2019,6,0.0,
10370,2019,7,0.0,
10370,2019,8,0.0,
10370,2019,9,7.0,
10370,2019,10,7.0,
10370,2019,11,19.8,
10370,2019,12,24.0,
10370,2020,1,46.4,
10370,2020,2,18.3,
10370,2020,3,34.0,
10370,2020,4,10.0,
10370,2020,5,0.2,
10370,2020,6,5.0,
10451,2018,1,81.0,
10451,2018,2,19.3,
10451,2018,3,13.2,
10451,2018,4,189.3,
10451,2018,5,84.9,
10451,2018,6,7.0,
10451,2018,7,42.0,
10451,2018,8,37.0,
10451,2018,9,18.3,
10451,2018,10,68.8,
10451,2018,11,405.0,
10451,2018,12,154.5,
10451,2019,1,188.2,
10451,2019,2,161.0,
10451,2019,3,126.4,
10451,2019,4,80.8,
10451,2019,5,163.2,
10451,2019,6,51.0,
10451,2019,7,76.4,
10451,2019,8,14.6,
10451,2019,9,61.5,
10451,2019,10,79.7,
10451,2019,11,59.0,
10451,2019,12,295.0,
10451,2020,1,101.0,Mes incompleto
10451,2020,2,61.0,
10451,2020,3,115.0,
10451,2020,4,76.3,
10451,2020,5,30.0,
10451,2020,6,21.0,
10453,2018,1,67.0,
10453,2018,2,70.2,
10453,2018,3,65.0,
10453,2018,4,271.4,
10453,2018,5,156.7,
10453,2018,6,17.0,
10453,2018,7,29.7,
10453,2018,8,30.9,
10453,2018,9,108.7,
10453,2018,10,83.0,
10453,2018,11,118.4,
10453,2018,12,215.8,
10453,2019,1,193.1,
10453,2019,2,106.0,
10453,2019,3,107.8,
10453,2019,4,78.0,
10453,2019,5,56.9,
10453,2019,6,67.3,
10453,2019,7,2.8,
10453,2019,8,4.0,
10453,2019,9,24.5,
10453,2019,10,278.8,
10453,2019,11,42.6,
10453,2019,12,137.9,
10453,2020,1,129.0,
10453,2020,2,66.2,
10453,2020,3,309.4,
10453,2020,4,79.0,
10453,2020,5,0.8,
10453,2020,6,30.8,
10456,2018,1,83.4,
10456,2018,2,78.0,
10456,2018,3,68.1,
10456,2018,4,90.8,
10456,2018,5,68.9,
10456,2018,6,15.3,
10456,2018,7,32.9,
10456,2018,8,26.0,
10456,2018,9,104.7,
10456,2018,10,93.0,
10456,2018,11,62.7,
10456,2018,12,192.5,
10456,2019,1,173.8,
10456,2019,2,18.8,
10456,2019,3,90.5,
10456,2019,4,37.8,
10456,2019,5,39.3,
10456,2019,6,33.3,
10456,2019,7,0.1,
10456,2019,8,2.2,
10456,2019,9,6.0,
10456,2019,10,42.9,
10456,2019,11,73.6,
10456,2019,12,88.1,
10456,2020,1,147.0,
10456,2020,2,74.0,
10456,2020,3,267.4,
10456,2020,4,85.8,
10456,2020,5,7.0,
10456,2020,6,24.0,
10470,2018,1,370.7,
10470,2018,2,24.8,
10470,2018,3,182.5,
10470,2018,4,28.1,
10470,2018,5,179.6,
10470,2018,6,30.1,
10470,2018,7,14.0,
10470,2018,8,14.1,
10470,2018,9,43.5,
10470,2018,10,177.1,
10470,2018,11,363.9,
10470,2018,12,280.9,
10470,2019,1,352.2,
10470,2019,2,142.8,
10470,2019,3,92.6,
10470,2019,4,204.5,
10470,2019,5,297.3,
10470,2019,6,17.4,
10470,2019,7,71.0,
10470,2019,8,64.1,
10470,2019,9,29.7,
10470,2019,10,137.0,
10470,2019,11,215.7,
10470,2019,12,91.0,
10470,2020,1,266.6,
10470,2020,2,151.0,
10470,2020,3,23.0,
10470,2020,4,69.0,
10470,2020,5,28.0,
10470,2020,6,36.3,Mes incompleto
10477,2018,1,46.0,
10477,2018,2,75.7,
10477,2018,3,95.2,
10477,2018,4,128.0,
10477,2018,5,411.8,
10477,2018,6,23.8,
10477,2018,7,107.3,
10477,2018,8,74.0,
10477,2018,9,118.0,
10477,2018,10,81.7,
10477,2018,11,168.2,
10477,2018,12,202.0,
10477,2019,1,463.4,
10477,2019,2,141.0,
10477,2019,3,92.0,
10477,2019,4,103.2,
10477,2019,5,118.8,
10477,2019,6,138.1,
10477,2019,7,69.1,
10477,2019,8,138.0,
10477,2019,9,119.0,
10477,2019,10,188.3,
10477,2019,11,135.7,
10477,2019,12,177.0,
10477,2020,1,127.0,
10477,2020,2,99.0,
10477,2020,3,119.0,
10477,2020,4,137.0,
10477,2020,5,134.0,
10477,2020,6,182.6,
10483,2018,1,261.1,
10483,2018,2,98.0,
10483,2018,3,167.7,
10483,2018,4,58.5,
10483,2018,5,183.7,
10483,2018,6,11.6,
10483,2018,7,4.7,
10483,2018,8,20.5,
10483,2018,9,169.5,
10483,2018,10,113.0,
10483,2018,11,246.1,
10483,2018,12,165.5,
10483,2019,1,181.0,
10483,2019,2,99.6,
10483,2019,3,206.6,
10483,2019,4,132.8,
10483,2019,5,309.0,
10483,2019,6,2.0,
10483,2019,7,95.2,
10483,2019,8,45.1,
10483,2019,9,5.0,
10483,2019,10,104.8,
10483,2019,11,119.4,
10483,2019,12,50.0,
10483,2020,1,63.9,
10483,2020,2,174.0,
10483,2020,3,96.0,
10483,2020,4,71.8,
10483,2020,5,50.0,
10483,2020,6,61.3,
10489,2018,1,365.0,
10489,2018,2,11.5,
10489,2018,3,188.6,
10489,2018,4,39.3,
10489,2018,5,237.5,
10489,2018,6,34.2,
10489,2018,7,15.0,
10489,2018,8,17.1,
10489,2018,9,71.5,
10489,2018,10,127.0,
10489,2018,11,215.1,
10489,2018,12,233.0,
10489,2019,1,554.8,
10489,2019,2,180.0,
10489,2019,3,167.3,
10489,2019,4,222.1,
10489,2019,5,286.3,
10489,2019,6,7.0,
10489,2019,7,52.0,
10489,2019,8,92.0,
10489,2019,9,6.6,
10489,2019,10,137.2,
10489,2019,11,201.0,
10489,2019,12,125.0,
10489,2020,1,205.1,
10489,2020,2,200.0,
10489,2020,3,43.1,
10489,2020,4,79.0,
10489,2020,5,48.3,
10489,2020,6,37.1,
10490,2018,1,91.6,
10490,2018,2,68.3,
10490,2018,3,47.9,
10490,2018,4,38.0,
10490,2018,5,34.8,
10490,2018,6,22.5,
10490,2018,7,56.4,
10490,2018,8,30.6,
10490,2018,9,74.0,
10490,2018,10,45.0,
10490,2018,11,149.3,
10490,2018,12,58.0,
10490,2019,1,142.1,
10490,2019,2,45.8,
10490,2019,3,45.4,
10490,2019,4,33.0,
10490,2019,5,43.1,
10490,2019,6,66.0,
10490,2019,7,13.7,
10490,2019,8,14.9,
10490,2019,9,56.8,
10490,2019,10,86.4,
10490,2019,11,40.2,
10490,2019,12,117.4,
10490,2020,1,72.0,
10490,2020,2,54.7,
10490,2020,3,117.5,
10490,2020,4,101.3,
10490,2020,5,37.6,
10490,2020,6,127.2,
10495,2018,1,36.8,
10495,2018,2,38.0,
10495,2018,3,8.0,
10495,2018,4,0.0,
10495,2018,5,0.0,
10495,2018,6,0.0,
10495,2018,7,0.1,
10495,2018,8,0.6,
10495,2018,9,0.0,
10495,2018,10,13.0,
10495,2018,11,4.5,
10495,2018,12,8.0,
10495,2019,1,25.7,
10495,2019,2,5.5,
10495,2019,3,10.0,
10495,2019,4,0.8,
10495,2019,5,6.5,
10495,2019,6,0.0,
10495,2019,7,0.0,
10495,2019,8,0.0,
10495,2019,9,0.4,
10495,2019,10,1.0,
10495,2019,11,9.0,
10495,2019,12,7.0,
10495,2020,1,18.0,
10495,2020,2,7.7,
10495,2020,3,25.0,
10495,2020,4,0.0,
10495,2020,5,0.8,
10495,2020,6,0.0,
10500,2018,1,105.0,
10500,2018,2,175.2,
10500,2018,3,56.9,
10500,2018,4,184.1,
10500,2018,5,24.8,
10500,2018,6,0.0,
10500,2018,7,11.4,
10500,2018,8,0.0,
10500,2018,9,6.0,
10500,2018,10,125.1,
10500,2018,11,30.0,
10500,2018,12,148.0,
10500,2019,1,162.0,
10500,2019,2,57.9,
10500,2019,3,125.7,
10500,2019,4,101.1,
10500,2019,5,1.5,
10500,2019,6,11.1,
10500,2019,7,0.8,
10500,2019,8,0.0,
10500,2019,9,0.3,
10500,2019,10,12.0,
10500,2019,11,57.5,
10500,2019,12,109.7,
10500,2020,1,215.4,
10500,2020,2,187.9,
10500,2020,3,102.5,
10500,2020,4,43.1,
10500,2020,5,0.0,
10500,2020,6,4.0,
10501,2018,1,14.0,
10501,2018,2,9.3,
10501,2018,3,25.4,
10501,2018,4,9.4,
10501,2018,5,72.5,
10501,2018,6,44.5,
10501,2018,7,92.2,
10501,2018,8,3.0,
10501,2018,9,43.8,
10501,2018,10,25.3,
10501,2018,11,32.0,
10501,2018,12,75.4,
10501,2019,1,14.2,
10501,2019,2,3.8,
10501,2019,3,39.5,
10501,2019,4,4.1,
10501,2019,5,24.8,
10501,2019,6,66.3,
10501,2019,7,1.7,
10501,2019,8,13.1,
10501,2019,9,14.5,
10501,2019,10,61.0,
10501,2019,11,16.4,
10501,2019,12,22.1,
10501,2020,1,38.0,
10501,2020,2,34.5,
10501,2020,3,29.3,
10501,2020,4,37.6,
10501,2020,5,74.1,
10501,2020,6,12.0,
